sector,jobtype,yes,no,average_wage
MGR,     MGR-CHIEF EXECUTIVES AND LEGISLATORS,50910,1341868,137934.4
MGR,     MGR-GENERAL AND OPERATIONS MANAGERS,20897,994353,76547.7
MGR,     MGR-ADVERTISING AND PROMOTIONS MANAGERS,473,51763,64778.2
MGR,     MGR-MARKETING AND SALES MANAGERS,13076,1047106,86943.2
MGR,     MGR-PUBLIC RELATIONS AND FUNDRAISING MANAGERS,731,68119,72521.9
MGR,     MGR-ADMINISTRATIVE SERVICES MANAGERS,5440,169204,59186.2
MGR,     MGR-COMPUTER AND INFORMATION SYSTEMS MANAGERS,10963,630876,99972.5
MGR,     MGR-FINANCIAL MANAGERS,23479,1306960,89112.2
MGR,     MGR-COMPENSATION AND BENEFITS MANAGERS,0,22000,73378.4
MGR,     MGR-HUMAN RESOURCES MANAGERS,7178,461304,70848.5
MGR,     MGR-TRAINING AND DEVELOPMENT MANAGERS,1508,76709,64949.6
MGR,     MGR-INDUSTRIAL PRODUCTION MANAGERS,8491,268232,73507.3
MGR,     MGR-PURCHASING MANAGERS,3971,226390,70377.7
MGR,"     MGR-TRANSPORTATION, STORAGE, AND DISTRIBUTION MANAGERS",7640,268605,51876.2
MGR,"     MGR-FARMERS, RANCHERS, AND OTHER AGRICULTURAL MANAGERS",43804,691718,19357.6
MGR,     MGR-CONSTRUCTION MANAGERS,24903,667549,59381.7
MGR,     MGR-EDUCATION ADMINISTRATORS,16105,1035819,59265.4
MGR,     MGR-ARCHITECTURAL AND ENGINEERING MANAGERS,4218,169089,130742.3
MGR,     MGR-FOOD SERVICE MANAGERS,15936,1124576,34753
MGR,     MGR-GAMING MANAGERS,431,21211,45986.2
MGR,     MGR-LODGING MANAGERS,5007,165573,41336.3
MGR,     MGR-MEDICAL AND HEALTH SERVICES MANAGERS,11297,735042,73305.9
MGR,     MGR-NATURAL SCIENCES MANAGERS,0,23849,86778.4
MGR,"     MGR-PROPERTY, REAL ESTATE, AND COMMUNITY ASSOCIATION MANAGERS",20658,688505,49079
MGR,     MGR-SOCIAL AND COMMUNITY SERVICE MANAGERS,8952,416028,51221.4
MGR,     MGR-EMERGENCY MANAGEMENT DIRECTORS,851,10607,55224.3
MGR,"     MGR-MISCELLANEOUS MANAGERS, INCLUDING FUNERAL SERVICE MANAGERS AND POSTMASTERS AND MAIL SUPERINTENDENTS",125542,4827218,75380.3
BUS,"     BUS-AGENTS AND BUSINESS MANAGERS OF ARTISTS, PERFORMERS, AND ATHLETES",1021,49200,53023.6
BUS,"     BUS-BUYERS AND PURCHASING AGENTS, FARM PRODUCTS",714,12960,38954.5
BUS,"     BUS-WHOLESALE AND RETAIL BUYERS, EXCEPT FARM PRODUCTS",4427,248202,32958.5
BUS,"     BUS-PURCHASING AGENTS, EXCEPT WHOLESALE, RETAIL, AND FARM PRODUCTS",8487,313807,50216.8
BUS,"     BUS-CLAIMS ADJUSTERS, APPRAISERS, EXAMINERS, AND INVESTIGATORS",6500,327800,48778.7
BUS,     BUS-COMPLIANCE OFFICERS,6308,251108,65333.6
BUS,     BUS-COST ESTIMATORS,5125,147884,55117.9
BUS,     BUS-HUMAN RESOURCES WORKERS,13810,864946,55374.5
BUS,"     BUS-COMPENSATION, BENEFITS, AND JOB ANALYSIS SPECIALISTS",1300,65948,48994.7
BUS,     BUS-TRAINING AND DEVELOPMENT SPECIALISTS,5179,178825,50473
BUS,     BUS-LOGISTICIANS,4503,163554,49037.3
BUS,     BUS-MANAGEMENT ANALYSTS,23120,961995,68271.6
BUS,"     BUS-MEETING, CONVENTION, AND EVENT PLANNERS",1376,163808,33410.2
BUS,     BUS-FUNDRAISERS,2039,115833,46109.7
BUS,     BUS-MARKET RESEARCH ANALYSTS AND MARKETING SPECIALISTS,4027,335307,65364.7
BUS,"     BUS-BUSINESS OPERATIONS SPECIALISTS, ALL OTHER",5479,335679,62108.6
FIN,     FIN-ACCOUNTANTS AND AUDITORS,38306,2197854,59154.5
FIN,     FIN-APPRAISERS AND ASSESSORS OF REAL ESTATE,4063,103036,38474.7
FIN,     FIN-BUDGET ANALYSTS,1485,54063,70053.9
FIN,     FIN-CREDIT ANALYSTS,249,31037,63825.5
FIN,     FIN-FINANCIAL ANALYSTS,3171,251549,95274.7
FIN,     FIN-PERSONAL FINANCIAL ADVISORS,7538,397995,103827.3
FIN,     FIN-INSURANCE UNDERWRITERS,1729,122978,62275.8
FIN,     FIN-FINANCIAL EXAMINERS,552,13814,86885
FIN,     FIN-CREDIT COUNSELORS AND LOAN OFFICERS,6584,340329,64676.6
FIN,"     FIN-TAX EXAMINERS AND COLLECTORS, AND REVENUE AGENTS",2207,73294,45747.2
FIN,     FIN-TAX PREPARERS,6359,156110,28256.1
FIN,"     FIN-FINANCIAL SPECIALISTS, ALL OTHER",1915,59774,79486
CMM,     CMM-COMPUTER AND INFORMATION RESEARCH SCIENTISTS,74,22897,73330.2
CMM,     CMM-COMPUTER SYSTEMS ANALYSTS,9356,543514,71287.3
CMM,     CMM-INFORMATION SECURITY ANALYSTS,1117,70510,84797.7
CMM,     CMM-COMPUTER PROGRAMMERS,8387,500447,70577.8
CMM,"     CMM-SOFTWARE DEVELOPERS, APPLICATIONS AND SYSTEMS SOFTWARE",15418,1286623,90582.4
CMM,     CMM-WEB DEVELOPERS,3202,218604,45119.8
CMM,     CMM-COMPUTER SUPPORT SPECIALISTS,15251,721263,52652.6
CMM,     CMM-DATABASE ADMINISTRATORS,1678,127719,70205.2
CMM,     CMM-NETWORK AND COMPUTER SYSTEMS ADMINISTRATORS,5074,226963,63270
CMM,     CMM-COMPUTER NETWORK ARCHITECTS,973,115294,90643.2
CMM,"     CMM-COMPUTER OCCUPATIONS, ALL OTHER",8848,646166,64037.4
CMM,     CMM-ACTUARIES,126,30288,114220.2
CMM,     CMM-OPERATIONS RESEARCH ANALYSTS,5163,154037,72482.1
CMM,"     CMM-MISCELLANEOUS MATHEMATICAL SCIENCE OCCUPATIONS, INCLUDING MATHEMATICIANS AND STATISTICIANS",640,58465,80275.5
ENG,"     ENG-ARCHITECTS, EXCEPT NAVAL",3796,194865,70724.6
ENG,"     ENG-SURVEYORS, CARTOGRAPHERS, AND PHOTOGRAMMETRISTS",1111,37585,45992.9
ENG,     ENG-AEROSPACE ENGINEERS,3045,132357,91383.4
ENG,     ENG-BIOMEDICAL AND AGRICULTURAL ENGINEERS,916,16627,75127.4
ENG,     ENG-CHEMICAL ENGINEERS,1375,73213,99119.3
ENG,     ENG-CIVIL ENGINEERS,8636,350430,75839.1
ENG,     ENG-COMPUTER HARDWARE ENGINEERS,608,57989,88170.8
ENG,     ENG-ELECTRICAL AND ELECTRONICS ENGINEERS,5201,236735,86267.1
ENG,     ENG-ENVIRONMENTAL ENGINEERS,598,33890,70260.9
ENG,"     ENG-INDUSTRIAL ENGINEERS, INCLUDING HEALTH AND SAFETY",5241,220216,69411.2
ENG,     ENG-MARINE ENGINEERS AND NAVAL ARCHITECTS,752,13819,74885
ENG,     ENG-MATERIALS ENGINEERS,805,47063,75485.1
ENG,     ENG-MECHANICAL ENGINEERS,5253,270433,77139.2
ENG,"     ENG-PETROLEUM, MINING AND GEOLOGICAL ENGINEERS, INCLUDING MINING SAFETY ENGINEERS",766,54785,123686
ENG,"     ENG-MISCELLANEOUS ENGINEERS, INCLUDING NUCLEAR ENGINEERS",15845,593526,85450.8
ENG,     ENG-DRAFTERS,5725,182489,41117.1
ENG,"     ENG-ENGINEERING TECHNICIANS, EXCEPT DRAFTERS",16907,420470,46954.4
ENG,     ENG-SURVEYING AND MAPPING TECHNICIANS,3093,79506,38761.7
SCI,     SCI-AGRICULTURAL AND FOOD SCIENTISTS,459,24499,51445.8
SCI,     SCI-BIOLOGICAL SCIENTISTS,1041,82590,56433
SCI,     SCI-CONSERVATION SCIENTISTS AND FORESTERS,877,22476,50453.5
SCI,"     SCI-MEDICAL SCIENTISTS, AND LIFE SCIENTISTS, ALL OTHER",1580,171641,79850.2
SCI,     SCI-ASTRONOMERS AND PHYSICISTS,137,11594,85080.4
SCI,     SCI-ATMOSPHERIC AND SPACE SCIENTISTS,256,13446,66926.5
SCI,     SCI-CHEMISTS AND MATERIALS SCIENTISTS,1402,96099,70466.6
SCI,     SCI-ENVIRONMENTAL SCIENTISTS AND GEOSCIENTISTS,2006,81376,83476.8
SCI,"     SCI-PHYSICAL SCIENTISTS, ALL OTHER",2328,245620,71301.9
SCI,     SCI-ECONOMISTS,638,24330,114670.5
SCI,     SCI-PSYCHOLOGISTS,5405,218398,47810.6
SCI,     SCI-URBAN AND REGIONAL PLANNERS,725,25749,58818.5
SCI,"     SCI-MISCELLANEOUS SOCIAL SCIENTISTS, INCLUDING SURVEY RESEARCHERS AND SOCIOLOGISTS",1640,45872,43341.5
SCI,     SCI-AGRICULTURAL AND FOOD SCIENCE TECHNICIANS,1236,43857,40906.4
SCI,     SCI-BIOLOGICAL TECHNICIANS,459,26544,45529.1
SCI,     SCI-CHEMICAL TECHNICIANS,1405,84585,46126.6
SCI,"     SCI-GEOLOGICAL AND PETROLEUM TECHNICIANS, AND NUCLEAR TECHNICIANS",1060,26993,61703.9
SCI,"     SCI-MISCELLANEOUS LIFE, PHYSICAL, AND SOCIAL SCIENCE TECHNICIANS, INCLUDING SOCIAL SCIENCE RESEARCH ASSISTANTS",4042,295524,28096.2
CMS,     CMS-COUNSELORS,21201,953196,33950.1
CMS,     CMS-SOCIAL WORKERS,18305,959828,37545.2
CMS,     CMS-PROBATION OFFICERS AND CORRECTIONAL TREATMENT SPECIALISTS,1676,98585,44453.2
CMS,     CMS-SOCIAL AND HUMAN SERVICE ASSISTANTS,5664,223163,29905.9
CMS,"     CMS-MISCELLANEOUS COMMUNITY AND SOCIAL SERVICE SPECIALISTS, INCLUDING HEALTH EDUCATORS AND COMMUNITY HEALTH WORKERS",2445,113485,35288.4
CMS,     CMS-CLERGY,25433,473006,35008.8
CMS,"     CMS-DIRECTORS, RELIGIOUS ACTIVITIES AND EDUCATION",1883,84503,33002.1
CMS,"     CMS-RELIGIOUS WORKERS, ALL OTHER",2133,92945,21169.3
LGL,"     LGL-LAWYERS, AND JUDGES, MAGISTRATES, AND OTHER JUDICIAL WORKERS",32205,1209183,119680.5
LGL,     LGL-JUDICIAL LAW CLERKS,488,26287,46059.2
LGL,     LGL-PARALEGALS AND LEGAL ASSISTANTS,6543,473828,41805.2
LGL,     LGL-MISCELLANEOUS LEGAL SUPPORT WORKERS,3735,203942,43907.6
EDU,     EDU-POSTSECONDARY TEACHERS,41357,1802045,48287.2
EDU,     EDU-PRESCHOOL AND KINDERGARTEN TEACHERS,8582,727802,19187.1
EDU,     EDU-ELEMENTARY AND MIDDLE SCHOOL TEACHERS,67889,4219897,39087.1
EDU,     EDU-SECONDARY SCHOOL TEACHERS,15461,934671,43177.4
EDU,     EDU-SPECIAL EDUCATION TEACHERS,4678,304026,38621.3
EDU,     EDU-OTHER TEACHERS AND INSTRUCTORS,25737,1170225,20139.2
EDU,"     EDU-ARCHIVISTS, CURATORS, AND MUSEUM TECHNICIANS",1032,57300,36674.1
EDU,     EDU-LIBRARIANS,6446,209421,34169.4
EDU,     EDU-LIBRARY TECHNICIANS,1281,65141,15287
EDU,     EDU-TEACHER ASSISTANTS,23957,1325625,16272.3
EDU,"     EDU-OTHER EDUCATION, TRAINING, AND LIBRARY WORKERS",2517,140196,37437.7
ENT,     ENT-ARTISTS AND RELATED WORKERS,9695,252953,26401.4
ENT,     ENT-DESIGNERS,15864,1019798,39110.8
ENT,     ENT-ACTORS,1316,78942,23362.7
ENT,     ENT-PRODUCERS AND DIRECTORS,1761,178607,63538.6
ENT,"     ENT-ATHLETES, COACHES, UMPIRES, AND RELATED WORKERS",3914,427904,22002.2
ENT,     ENT-DANCERS AND CHOREOGRAPHERS,491,29626,21118.2
ENT,"     ENT-MUSICIANS, SINGERS, AND RELATED WORKERS",7118,269099,18916.5
ENT,"     ENT-ENTERTAINERS AND PERFORMERS, SPORTS AND RELATED WORKERS, ALL OTHER",1718,57138,17534.8
ENT,     ENT-ANNOUNCERS,443,61244,33629.1
ENT,"     ENT-NEWS ANALYSTS, REPORTERS AND CORRESPONDENTS",1114,89900,49712
ENT,     ENT-PUBLIC RELATIONS SPECIALISTS,2802,152092,61582.1
ENT,     ENT-EDITORS,4250,221918,42321.9
ENT,     ENT-TECHNICAL WRITERS,1989,66609,54379
ENT,     ENT-WRITERS AND AUTHORS,6331,294612,34839.2
ENT,     ENT-MISCELLANEOUS MEDIA AND COMMUNICATION WORKERS,2603,138253,24981.9
ENT,"     ENT-BROADCAST AND SOUND ENGINEERING TECHNICIANS AND RADIO OPERATORS, AND MEDIA AND COMMUNICATION EQUIPMENT WORKERS, ALL OTHER",1648,127820,39217.6
ENT,     ENT-PHOTOGRAPHERS,4736,236626,16869.2
ENT,"     ENT-TELEVISION, VIDEO, AND MOTION PICTURE CAMERA OPERATORS AND EDITORS",861,78471,35366.2
MED,     MED-CHIROPRACTORS,1281,57566,55820.3
MED,     MED-DENTISTS,4124,175439,124640.9
MED,     MED-DIETITIANS AND NUTRITIONISTS,1355,108671,38513.5
MED,     MED-OPTOMETRISTS,838,38920,85471.5
MED,     MED-PHARMACISTS,5893,330731,86644.6
MED,     MED-PHYSICIANS AND SURGEONS,15584,968861,192009.9
MED,     MED-PHYSICIAN ASSISTANTS,1955,99018,85022
MED,     MED-PODIATRISTS,214,8214,116267.1
MED,     MED-AUDIOLOGISTS,645,16645,59166.8
MED,     MED-OCCUPATIONAL THERAPISTS,1384,115971,53389.5
MED,     MED-PHYSICAL THERAPISTS,3364,252491,60572.1
MED,     MED-RADIATION THERAPISTS,195,18402,64577.8
MED,     MED-RECREATIONAL THERAPISTS,158,12089,33030.4
MED,     MED-RESPIRATORY THERAPISTS,2237,112284,50166.8
MED,     MED-SPEECH-LANGUAGE PATHOLOGISTS,2561,167307,47571.1
MED,"     MED-OTHER THERAPISTS, INCLUDING EXERCISE PHYSIOLOGISTS",2319,179921,35264.6
MED,     MED-VETERINARIANS,1826,77526,83180.7
MED,     MED-REGISTERED NURSES,51052,3473880,53748.8
MED,     MED-NURSE ANESTHETISTS,341,30140,142463.3
MED,"     MED-NURSE PRACTITIONERS, AND NURSE MIDWIVES",1139,141817,85312.5
MED,"     MED-HEALTH DIAGNOSING AND TREATING PRACTITIONERS, ALL OTHER",537,30122,30935.3
MED,     MED-CLINICAL LABORATORY TECHNOLOGISTS AND TECHNICIANS,4795,380774,39443.1
MED,     MED-DENTAL HYGIENISTS,1226,198640,44156.4
MED,     MED-DIAGNOSTIC RELATED TECHNOLOGISTS AND TECHNICIANS,5805,386075,48135.7
MED,     MED-EMERGENCY MEDICAL TECHNICIANS AND PARAMEDICS,4258,228700,38385.9
MED,     MED-HEALTH PRACTITIONER SUPPORT TECHNOLOGISTS AND TECHNICIANS,8641,720014,27142.3
MED,     MED-LICENSED PRACTICAL AND LICENSED VOCATIONAL NURSES,18942,982362,30436.4
MED,     MED-MEDICAL RECORDS AND HEALTH INFORMATION TECHNICIANS,2907,210245,33079.5
MED,"     MED-OPTICIANS, DISPENSING",1798,63907,33525.4
MED,     MED-MISCELLANEOUS HEALTH TECHNOLOGISTS AND TECHNICIANS,2896,143908,39907.2
MED,     MED-OTHER HEALTHCARE PRACTITIONERS AND TECHNICAL OCCUPATIONS,4260,147632,50273.5
HLS,"     HLS-NURSING, PSYCHIATRIC, AND HOME HEALTH AIDES",48199,2544220,18920.1
HLS,     HLS-OCCUPATIONAL THERAPY ASSISTANTS AND AIDES,403,24571,34523.4
HLS,     HLS-PHYSICAL THERAPIST ASSISTANTS AND AIDES,625,101600,30485.1
HLS,     HLS-MASSAGE THERAPISTS,3523,202383,14391.2
HLS,     HLS-DENTAL ASSISTANTS,3586,362435,25001.7
HLS,     HLS-MEDICAL ASSISTANTS,6585,613890,24382.8
HLS,     HLS-MEDICAL TRANSCRIPTIONISTS,1345,61381,17057.1
HLS,     HLS-PHARMACY AIDES,536,53896,25217.8
HLS,     HLS-VETERINARY ASSISTANTS AND LABORATORY ANIMAL CARETAKERS,996,64913,18030.2
HLS,     HLS-PHLEBOTOMISTS,1419,143820,23974
HLS,"     HLS-HEALTHCARE SUPPORT WORKERS, ALL OTHER, INCLUDING MEDICAL EQUIPMENT PREPARERS",4478,194169,22483.7
PRT,     PRT-FIRST-LINE SUPERVISORS OF CORRECTIONAL OFFICERS,3811,68169,48857.4
PRT,     PRT-FIRST-LINE SUPERVISORS OF POLICE AND DETECTIVES,2876,116923,70324.6
PRT,     PRT-FIRST-LINE SUPERVISORS OF FIRE FIGHTING AND PREVENTION WORKERS,2174,55924,73292.9
PRT,"     PRT-FIRST-LINE SUPERVISORS OF PROTECTIVE SERVICE WORKERS, ALL OTHER",3700,84206,47391.7
PRT,     PRT-FIREFIGHTERS,8055,308470,59252.9
PRT,     PRT-FIRE INSPECTORS,413,23535,44571.1
PRT,"     PRT-BAILIFFS, CORRECTIONAL OFFICERS, AND JAILERS",14423,477381,41157.8
PRT,     PRT-DETECTIVES AND CRIMINAL INVESTIGATORS,3857,142196,67384.5
PRT,     PRT-MISCELLANEOUS LAW ENFORCEMENT WORKERS,449,15837,32325.5
PRT,     PRT-POLICE OFFICERS,19808,792834,58646.6
PRT,     PRT-ANIMAL CONTROL WORKERS,113,11041,36285.7
PRT,     PRT-PRIVATE DETECTIVES AND INVESTIGATORS,3627,95235,46753.8
PRT,     PRT-SECURITY GUARDS AND GAMING SURVEILLANCE OFFICERS,45450,1222190,24968.8
PRT,     PRT-CROSSING GUARDS,4213,86625,13731.4
PRT,     PRT-TRANSPORTATION SECURITY SCREENERS,1382,37042,39204.6
PRT,"     PRT-LIFEGUARDS AND OTHER RECREATIONAL, AND ALL OTHER PROTECTIVE SERVICE WORKERS",2430,332768,6427.6
EAT,     EAT-CHEFS AND HEAD COOKS,10762,490573,27149.7
EAT,     EAT-FIRST-LINE SUPERVISORS OF FOOD PREPARATION AND SERVING WORKERS,10456,642674,22811.1
EAT,     EAT-COOKS,50553,3086147,13366.2
EAT,     EAT-FOOD PREPARATION WORKERS,25543,1343440,10404.3
EAT,     EAT-BARTENDERS,7092,524266,19399.9
EAT,"     EAT-COMBINED FOOD PREPARATION AND SERVING WORKERS, INCLUDING FAST FOOD",7824,530057,10018.9
EAT,"     EAT-COUNTER ATTENDANTS, CAFETERIA, FOOD CONCESSION, AND COFFEE SHOP",3831,303758,6527.2
EAT,     EAT-WAITERS AND WAITRESSES,25172,2927805,12746.5
EAT,"     EAT-FOOD SERVERS, NONRESTAURANT",4492,243306,13246.4
EAT,"     EAT-MISCELLANEOUS FOOD PREPARATION AND SERVING RELATED WORKERS, INCLUDING DINING ROOM AND CAFETERIA ATTENDANTS AND BARTENDER HELPERS",9237,504112,9847.7
EAT,     EAT-DISHWASHERS,12774,487431,8654.1
EAT,"     EAT-HOSTS AND HOSTESSES, RESTAURANT, LOUNGE, AND COFFEE SHOP",3716,444353,6745
CLN,     CLN-FIRST-LINE SUPERVISORS OF HOUSEKEEPING AND JANITORIAL WORKERS,8885,265310,28790
CLN,"     CLN-FIRST-LINE SUPERVISORS OF LANDSCAPING, LAWN SERVICE, AND GROUNDSKEEPING WORKERS",5942,174187,29542
CLN,     CLN-JANITORS AND BUILDING CLEANERS,116746,3185937,17568.9
CLN,     CLN-MAIDS AND HOUSEKEEPING CLEANERS,47602,2047183,10775.6
CLN,     CLN-PEST CONTROL WORKERS,2407,84914,27417
CLN,     CLN-GROUNDS MAINTENANCE WORKERS,55943,1793911,13569.4
PRS,     PRS-FIRST-LINE SUPERVISORS OF GAMING WORKERS,314,26959,35436.5
PRS,     PRS-FIRST-LINE SUPERVISORS OF PERSONAL SERVICE WORKERS,1789,96039,26973.8
PRS,     PRS-ANIMAL TRAINERS,1488,49055,16746.2
PRS,     PRS-NONFARM ANIMAL CARETAKERS,5944,304038,12489.9
PRS,     PRS-GAMING SERVICES WORKERS,2865,125804,28523.9
PRS,     PRS-MOTION PICTURE PROJECTIONISTS,105,4048,17389
PRS,"     PRS-USHERS, LOBBY ATTENDANTS, AND TICKET TAKERS",2765,74303,6352.7
PRS,     PRS-MISCELLANEOUS ENTERTAINMENT ATTENDANTS AND RELATED WORKERS,6066,330735,9270.1
PRS,     PRS-EMBALMERS AND FUNERAL ATTENDANTS,1952,20696,18939.8
PRS,"     PRS-MORTICIANS, UNDERTAKERS, AND FUNERAL DIRECTORS",2928,38710,48299.1
PRS,     PRS-BARBERS,4935,118084,10629.8
PRS,"     PRS-HAIRDRESSERS, HAIRSTYLISTS, AND COSMETOLOGISTS",18951,987141,13368
PRS,     PRS-MISCELLANEOUS PERSONAL APPEARANCE WORKERS,1860,371384,14964.3
PRS,"     PRS-BAGGAGE PORTERS, BELLHOPS, AND CONCIERGES",3532,97635,24875.4
PRS,     PRS-TOUR AND TRAVEL GUIDES,3591,80827,12870.6
PRS,     PRS-CHILDCARE WORKERS,30114,1843437,7865.2
PRS,     PRS-PERSONAL CARE AIDES,49484,1754559,13946.7
PRS,     PRS-RECREATION AND FITNESS WORKERS,7922,630839,13772
PRS,     PRS-RESIDENTIAL ADVISORS,1924,91125,12872.3
PRS,"     PRS-PERSONAL CARE AND SERVICE WORKERS, ALL OTHER",4509,197564,13360.1
SAL,     SAL-FIRST-LINE SUPERVISORS OF RETAIL SALES WORKERS,71574,3483925,38509.7
SAL,     SAL-FIRST-LINE SUPERVISORS OF NON-RETAIL SALES WORKERS,33265,1344016,68334.5
SAL,     SAL-CASHIERS,73318,4821815,10095.1
SAL,     SAL-COUNTER AND RENTAL CLERKS,2494,121701,20067.3
SAL,     SAL-PARTS SALESPERSONS,4641,138296,29667.8
SAL,     SAL-RETAIL SALESPERSONS,94593,4609139,20557.6
SAL,     SAL-ADVERTISING SALES AGENTS,3766,192778,57533.1
SAL,     SAL-INSURANCE SALES AGENTS,16213,633607,50462.1
SAL,"     SAL-SECURITIES, COMMODITIES, AND FINANCIAL SERVICES SALES AGENTS",4828,276375,111362.2
SAL,     SAL-TRAVEL AGENTS,1961,91300,26794
SAL,"     SAL-SALES REPRESENTATIVES, SERVICES, ALL OTHER",18098,756687,64298.8
SAL,"     SAL-SALES REPRESENTATIVES, WHOLESALE AND MANUFACTURING",39965,1558826,65774
SAL,"     SAL-MODELS, DEMONSTRATORS, AND PRODUCT PROMOTERS",5409,92778,12711.7
SAL,     SAL-REAL ESTATE BROKERS AND SALES AGENTS,23808,971808,40841.4
SAL,     SAL-SALES ENGINEERS,653,37397,99899.2
SAL,     SAL-TELEMARKETERS,3901,137444,14140.7
SAL,"     SAL-DOOR-TO-DOOR SALES WORKERS, NEWS AND STREET VENDORS, AND RELATED WORKERS",7015,208331,11074.2
SAL,"     SAL-SALES AND RELATED WORKERS, ALL OTHER",11163,363221,43468.2
OFF,     OFF-FIRST-LINE SUPERVISORS OF OFFICE AND ADMINISTRATIVE SUPPORT WORKERS,34133,1587554,45257.9
OFF,"     OFF-SWITCHBOARD OPERATORS, INCLUDING ANSWERING SERVICE",990,40312,20552.1
OFF,     OFF-TELEPHONE OPERATORS,1850,50598,19189.9
OFF,"     OFF-COMMUNICATIONS EQUIPMENT OPERATORS, ALL OTHER",296,13734,37864.8
OFF,     OFF-BILL AND ACCOUNT COLLECTORS,3483,210701,27540.4
OFF,     OFF-BILLING AND POSTING CLERKS,12506,557916,29322.9
OFF,"     OFF-BOOKKEEPING, ACCOUNTING, AND AUDITING CLERKS",31357,1460859,28069.9
OFF,     OFF-GAMING CAGE WORKERS,492,8360,23033.9
OFF,     OFF-PAYROLL AND TIMEKEEPING CLERKS,2488,196551,34211.7
OFF,     OFF-PROCUREMENT CLERKS,851,36390,48487.3
OFF,     OFF-TELLERS,5071,425159,19575
OFF,"     OFF-FINANCIAL CLERKS, ALL OTHER",1038,140774,60405
OFF,     OFF-BROKERAGE CLERKS,0,6848,40629
OFF,"     OFF-COURT, MUNICIPAL, AND LICENSE CLERKS",2226,90002,31407
OFF,"     OFF-CREDIT AUTHORIZERS, CHECKERS, AND CLERKS",1128,58378,37930.3
OFF,     OFF-CUSTOMER SERVICE REPRESENTATIVES,54874,3361989,24661.2
OFF,"     OFF-ELIGIBILITY INTERVIEWERS, GOVERNMENT PROGRAMS",2018,86560,35489.5
OFF,     OFF-FILE CLERKS,6965,351467,19208
OFF,"     OFF-HOTEL, MOTEL, AND RESORT DESK CLERKS",1662,181858,16502.1
OFF,"     OFF-INTERVIEWERS, EXCEPT ELIGIBILITY AND LOAN",5214,188737,20494.7
OFF,"     OFF-LIBRARY ASSISTANTS, CLERICAL",3573,136889,12882.7
OFF,     OFF-LOAN INTERVIEWERS AND CLERKS,1830,134784,37006.9
OFF,     OFF-NEW ACCOUNTS CLERKS,330,17953,41781.6
OFF,     OFF-CORRESPONDENCE CLERKS AND ORDER CLERKS,2948,178783,24794
OFF,"     OFF-HUMAN RESOURCES ASSISTANTS, EXCEPT PAYROLL AND TIMEKEEPING",642,63246,30600.1
OFF,     OFF-RECEPTIONISTS AND INFORMATION CLERKS,25508,1541134,17712.3
OFF,     OFF-RESERVATION AND TRANSPORTATION TICKET AGENTS AND TRAVEL CLERKS,2483,153211,29892.4
OFF,"     OFF-INFORMATION AND RECORD CLERKS, ALL OTHER",4644,131998,24680.5
OFF,     OFF-CARGO AND FREIGHT AGENTS,466,24159,33801
OFF,     OFF-COURIERS AND MESSENGERS,9682,269479,25899.9
OFF,     OFF-DISPATCHERS,7159,326781,33398.2
OFF,"     OFF-METER READERS, UTILITIES",600,33927,33777.2
OFF,     OFF-POSTAL SERVICE CLERKS,4192,136764,39293.2
OFF,     OFF-POSTAL SERVICE MAIL CARRIERS,14059,380357,40097.7
OFF,"     OFF-POSTAL SERVICE MAIL SORTERS, PROCESSORS, AND PROCESSING MACHINE OPERATORS",2870,86427,35096.8
OFF,"     OFF-PRODUCTION, PLANNING, AND EXPEDITING CLERKS",10255,363547,40617.4
OFF,"     OFF-SHIPPING, RECEIVING, AND TRAFFIC CLERKS",16079,737835,24618.7
OFF,     OFF-STOCK CLERKS AND ORDER FILLERS,60792,2175209,16927.5
OFF,"     OFF-WEIGHERS, MEASURERS, CHECKERS, AND SAMPLERS, RECORDKEEPING",2590,96935,29551.5
OFF,     OFF-SECRETARIES AND ADMINISTRATIVE ASSISTANTS,76514,4119688,27221.6
OFF,     OFF-COMPUTER OPERATORS,1759,114247,34477.2
OFF,     OFF-DATA ENTRY KEYERS,9181,464851,22140.5
OFF,     OFF-WORD PROCESSORS AND TYPISTS,7338,398261,23093.6
OFF,     OFF-INSURANCE CLAIMS AND POLICY PROCESSING CLERKS,6245,451269,33324.4
OFF,"     OFF-MAIL CLERKS AND MAIL MACHINE OPERATORS, EXCEPT POSTAL SERVICE",2656,110384,18788.1
OFF,"     OFF-OFFICE CLERKS, GENERAL",31190,1719842,23303.1
OFF,"     OFF-OFFICE MACHINE OPERATORS, EXCEPT COMPUTER",1643,53051,19081.5
OFF,     OFF-PROOFREADERS AND COPY MARKERS,917,16359,17602.7
OFF,     OFF-STATISTICAL ASSISTANTS,357,23765,40587.4
OFF,"     OFF-MISCELLANEOUS OFFICE AND ADMINISTRATIVE SUPPORT WORKERS, INCLUDING DESKTOP PUBLISHERS",17373,754150,32113
FFF,"     FFF-FIRST-LINE SUPERVISORS OF FARMING, FISHING, AND FORESTRY WORKERS",3764,67155,33432.6
FFF,     FFF-AGRICULTURAL INSPECTORS,282,17965,35379.6
FFF,"     FFF-GRADERS AND SORTERS, AGRICULTURAL PRODUCTS",2335,84043,13854.6
FFF,"     FFF-MISCELLANEOUS AGRICULTURAL WORKERS, INCLUDING ANIMAL BREEDERS",30331,1183726,15986.2
FFF,     FFF-FISHING AND HUNTING WORKERS,3188,57726,14973.2
FFF,     FFF-FOREST AND CONSERVATION WORKERS,477,17855,23121.5
FFF,     FFF-LOGGING WORKERS,4610,78218,19466.4
CON,     CON-FIRST-LINE SUPERVISORS OF CONSTRUCTION TRADES AND EXTRACTION WORKERS,36099,857351,52783.6
CON,     CON-BOILERMAKERS,1277,20764,49115.2
CON,"     CON-BRICKMASONS, BLOCKMASONS, STONEMASONS, AND",5818,179521,25219.3
CON,     CON-CARPENTERS,52413,1492916,23455.5
CON,"     CON-CARPET, FLOOR, AND TILE INSTALLERS AND FINISHERS",5148,181200,21777
CON,"     CON-CEMENT MASONS, CONCRETE FINISHERS, AND TERRAZZO WORKERS",1155,72348,28091.5
CON,     CON-CONSTRUCTION LABORERS,54030,2329702,22102.1
CON,"     CON-PAVING, SURFACING, AND TAMPING EQUIPMENT OPERATORS",438,18590,24538.7
CON,"     CON-CONSTRUCTION EQUIPMENT OPERATORS, EXCEPT PAVING, SURFACING, AND TAMPING EQUIPMENT OPERATORS",23187,404956,39825.9
CON,"     CON-DRYWALL INSTALLERS, CEILING TILE INSTALLERS, AND TAPERS",5000,185703,22099
CON,     CON-ELECTRICIANS,28084,904013,43006.7
CON,     CON-GLAZIERS,1133,46013,31638.5
CON,     CON-INSULATION WORKERS,1510,48978,32156.9
CON,     CON-PAINTERS AND PAPERHANGERS,20383,743291,18256.5
CON,"     CON-PIPELAYERS, PLUMBERS, PIPEFITTERS, AND STEAMFITTERS",21547,626751,38238.9
CON,     CON-PLASTERERS AND STUCCO MASONS,819,40157,24722
CON,     CON-ROOFERS,7385,281556,20689.5
CON,     CON-SHEET METAL WORKERS,5859,149565,35125.5
CON,     CON-STRUCTURAL IRON AND STEEL WORKERS,2668,70582,39076.9
CON,"     CON-HELPERS, CONSTRUCTION TRADES",1498,63943,19973.5
CON,     CON-CONSTRUCTION AND BUILDING INSPECTORS,5390,105222,41088.6
CON,     CON-ELEVATOR INSTALLERS AND REPAIRERS,266,26647,69744.8
CON,     CON-FENCE ERECTORS,924,38051,18108.4
CON,     CON-HAZARDOUS MATERIALS REMOVAL WORKERS,1164,39569,34216.1
CON,     CON-HIGHWAY MAINTENANCE WORKERS,4994,131359,33094.3
CON,     CON-RAIL-TRACK LAYING AND MAINTENANCE EQUIPMENT OPERATORS,306,17875,47405
CON,"     CON-MISCELLANEOUS CONSTRUCTION WORKERS, INCLUDING SOLAR PHOTOVOLTAIC INSTALLERS, SEPTIC TANK SERVICERS AND SEWER PIPE CLEANERS",3306,91346,25986.7
EXT,"     EXT-DERRICK, ROTARY DRILL, AND SERVICE UNIT OPERATORS, AND ROUSTABOUTS, OIL, GAS, AND MINING",1948,53765,65950.1
EXT,"     EXT-EARTH DRILLERS, EXCEPT OIL AND GAS",1000,31516,49046.8
EXT,"     EXT-EXPLOSIVES WORKERS, ORDNANCE HANDLING EXPERTS, AND BLASTERS",666,19893,38461.5
EXT,     EXT-MINING MACHINE OPERATORS,3326,73924,57130.6
EXT,"     EXT-MISCELLANEOUS EXTRACTION WORKERS, INCLUDING ROOF BOLTERS AND HELPERS",2778,91685,49227.5
RPR,"     RPR-FIRST-LINE SUPERVISORS OF MECHANICS, INSTALLERS, AND REPAIRERS",15691,310862,52409.2
RPR,"     RPR-COMPUTER, AUTOMATED TELLER, AND OFFICE MACHINE REPAIRERS",8240,240921,34194.2
RPR,     RPR-RADIO AND TELECOMMUNICATIONS EQUIPMENT INSTALLERS AND REPAIRERS,5612,194967,42470.2
RPR,     RPR-AVIONICS TECHNICIANS,1032,29022,39269.7
RPR,"     RPR-ELECTRIC MOTOR, POWER TOOL, AND RELATED REPAIRERS",1288,27416,39027.9
RPR,"     RPR-ELECTRICAL AND ELECTRONICS REPAIRERS, TRANSPORTATION EQUIPMENT, AND INDUSTRIAL AND UTILITY",331,23597,44561.7
RPR,"     RPR-ELECTRONIC EQUIPMENT INSTALLERS AND REPAIRERS, MOTOR VEHICLES",382,13038,44532.7
RPR,     RPR-ELECTRONIC HOME ENTERTAINMENT EQUIPMENT INSTALLERS AND REPAIRERS,1345,47965,32792.7
RPR,     RPR-SECURITY AND FIRE ALARM SYSTEMS INSTALLERS,979,64985,38021.2
RPR,     RPR-AIRCRAFT MECHANICS AND SERVICE TECHNICIANS,7692,214252,47259.3
RPR,     RPR-AUTOMOTIVE BODY AND RELATED REPAIRERS,5435,166190,31754.5
RPR,     RPR-AUTOMOTIVE GLASS INSTALLERS AND REPAIRERS,428,21067,26608.1
RPR,     RPR-AUTOMOTIVE SERVICE TECHNICIANS AND MECHANICS,30476,959548,29366.4
RPR,     RPR-BUS AND TRUCK MECHANICS AND DIESEL ENGINE SPECIALISTS,12155,355790,37156.1
RPR,     RPR-HEAVY VEHICLE AND MOBILE EQUIPMENT SERVICE TECHNICIANS AND MECHANICS,13443,229813,43494.3
RPR,     RPR-SMALL ENGINE MECHANICS,3156,60108,22230.2
RPR,"     RPR-MISCELLANEOUS VEHICLE AND MOBILE EQUIPMENT MECHANICS, INSTALLERS, AND REPAIRERS",2455,96544,23816.9
RPR,     RPR-CONTROL AND VALVE INSTALLERS AND REPAIRERS,876,23223,49057.7
RPR,"     RPR-HEATING, AIR CONDITIONING, AND REFRIGERATION MECHANICS AND INSTALLERS",12063,420311,36543
RPR,     RPR-HOME APPLIANCE REPAIRERS,2269,43703,28299.4
RPR,     RPR-INDUSTRIAL AND REFRACTORY MACHINERY MECHANICS,21474,448933,43062.7
RPR,"     RPR-MAINTENANCE AND REPAIR WORKERS, GENERAL",28310,579630,36030.3
RPR,"     RPR-MAINTENANCE WORKERS, MACHINERY",3336,36617,45266.1
RPR,     RPR-MILLWRIGHTS,5058,54213,48518.2
RPR,     RPR-ELECTRICAL POWER-LINE INSTALLERS AND REPAIRERS,2701,130992,64071.5
RPR,     RPR-TELECOMMUNICATIONS LINE INSTALLERS AND REPAIRERS,5206,175859,42699.2
RPR,     RPR-PRECISION INSTRUMENT AND EQUIPMENT REPAIRERS,3061,73990,38440.9
RPR,"     RPR-COIN, VENDING, AND AMUSEMENT MACHINE SERVICERS AND REPAIRERS",2684,38456,23934.4
RPR,     RPR-LOCKSMITHS AND SAFE REPAIRERS,2219,27575,29738.8
RPR,     RPR-RIGGERS,202,12711,43722.1
RPR,"     RPR-HELPERS--INSTALLATION, MAINTENANCE, AND REPAIR WORKERS",1236,29528,17992.8
RPR,"     RPR-MISCELLANEOUS INSTALLATION, MAINTENANCE, AND REPAIR",16373,349382,31198.1
RPR,     PRD-FIRST-LINE SUPERVISORS OF PRODUCTION AND OPERATING WORKERS,35925,983308,51431.3
RPR,"     PRD-AIRCRAFT STRUCTURE, SURFACES, RIGGING, AND SYSTEMS ASSEMBLERS",215,8680,36480.5
RPR,"     PRD-ELECTRICAL, ELECTRONICS, AND ELECTROMECHANICAL ASSEMBLERS",3983,164365,26666.8
RPR,     PRD-ENGINE AND OTHER MACHINE ASSEMBLERS,295,14661,33761.9
RPR,     PRD-STRUCTURAL METAL FABRICATORS AND FITTERS,1079,35568,32864.3
RPR,     PRD-MISCELLANEOUS ASSEMBLERS AND FABRICATORS,39044,1299126,25544.9
RPR,     PRD-BAKERS,5108,290294,17604.4
PRD,"     PRD-BUTCHERS AND OTHER MEAT, POULTRY, AND FISH PROCESSING WORKERS",8353,320478,23338.4
PRD,"     PRD-FOOD AND TOBACCO ROASTING, BAKING, AND DRYING MACHINE OPERATORS AND TENDERS",390,11066,25917.9
PRD,     PRD-FOOD BATCHMAKERS,2945,115285,19183.4
PRD,     PRD-FOOD COOKING MACHINE OPERATORS AND TENDERS,669,11707,14819.7
PRD,"     PRD-FOOD PROCESSING WORKERS, ALL OTHER",3920,155530,27235.6
PRD,     PRD-COMPUTER CONTROL PROGRAMMERS AND OPERATORS,2840,104097,39628.5
PRD,"     PRD-EXTRUDING AND DRAWING MACHINE SETTERS, OPERATORS, AND TENDERS, METAL AND PLASTIC",584,15347,31353.9
PRD,"     PRD-FORGING MACHINE SETTERS, OPERATORS, AND TENDERS, METAL AND PLASTIC",214,9036,35060.6
PRD,"     PRD-ROLLING MACHINE SETTERS, OPERATORS, AND TENDERS, METAL AND PLASTIC",691,9041,40947
PRD,"     PRD-MACHINE TOOL CUTTING SETTERS, OPERATORS, AND TENDERS, METAL AND PLASTIC",9797,175223,27900.9
PRD,     PRD-MACHINISTS,15902,395886,39595.1
PRD,"     PRD-METAL FURNACE OPERATORS, TENDERS, POURERS, AND CASTERS",1819,24793,38318.2
PRD,"     PRD-MODEL MAKERS, PATTERNMAKERS, AND MOLDING MACHINE SETTERS, METAL AND PLASTIC",1415,57957,31534.6
PRD,     PRD-TOOL AND DIE MAKERS,4298,65332,44120.7
PRD,"     PRD-WELDING, SOLDERING, AND BRAZING WORKERS",34249,729293,34537
PRD,"     PRD-MISCELLANEOUS METAL WORKERS AND PLASTIC WORKERS, INCLUDING MULTIPLE MACHINE TOOL SETTERS",15162,505540,30137.3
PRD,     PRD-PREPRESS TECHNICIANS AND WORKERS,252,30981,25140.6
PRD,     PRD-PRINTING PRESS OPERATORS,8422,212315,28513
PRD,     PRD-PRINT BINDING AND FINISHING WORKERS,612,27222,23164.4
PRD,     PRD-LAUNDRY AND DRY-CLEANING WORKERS,7491,246463,15551.4
PRD,"     PRD-PRESSERS, TEXTILE, GARMENT, AND RELATED MATERIALS",1139,59405,14146.9
PRD,     PRD-SEWING MACHINE OPERATORS,5169,252338,15843.5
PRD,     PRD-SHOE AND LEATHER WORKERS,871,15824,15256
PRD,"     PRD-TAILORS, DRESSMAKERS, AND SEWERS",3706,93980,15136.1
PRD,"     PRD-TEXTILE BLEACHING AND DYEING, AND CUTTING MACHINE SETTERS, OPERATORS, AND TENDERS",1050,12763,20946.1
PRD,"     PRD-TEXTILE KNITTING AND WEAVING MACHINE SETTERS, OPERATORS, AND TENDERS",681,10255,19473.7
PRD,"     PRD-TEXTILE WINDING, TWISTING, AND DRAWING OUT MACHINE SETTERS, OPERATORS, AND TENDERS",0,16233,19542.9
PRD,     PRD-UPHOLSTERERS,2450,38353,19277
PRD,"     PRD-MISCELLANEOUS TEXTILE, APPAREL, AND FURNISHINGS WORKERS, EXCEPT UPHOLSTERERS",339,23135,23874.2
PRD,     PRD-CABINETMAKERS AND BENCH CARPENTERS,2677,57474,21784.4
PRD,     PRD-FURNITURE FINISHERS,931,17399,18171.7
PRD,"     PRD-SAWING MACHINE SETTERS, OPERATORS, AND TENDERS, WOOD",1842,42589,20248.2
PRD,"     PRD-WOODWORKING MACHINE SETTERS, OPERATORS, AND TENDERS, EXCEPT SAWING",1287,19191,19380.3
PRD,"     PRD-MISCELLANEOUS WOODWORKERS, INCLUDING MODEL MAKERS AND PATTERNMAKERS",2151,39093,20726.2
PRD,"     PRD-POWER PLANT OPERATORS, DISTRIBUTORS, AND DISPATCHERS",2333,53652,78251.6
PRD,     PRD-STATIONARY ENGINEERS AND BOILER OPERATORS,6177,108655,51553.3
PRD,     PRD-WATER AND WASTEWATER TREATMENT PLANT AND SYSTEM OPERATORS,4388,92878,44531.3
PRD,     PRD-MISCELLANEOUS PLANT AND SYSTEM OPERATORS,2816,50957,56570.7
PRD,"     PRD-CHEMICAL PROCESSING MACHINE SETTERS, OPERATORS, AND TENDERS",1534,61931,44423.5
PRD,"     PRD-CRUSHING, GRINDING, POLISHING, MIXING, AND BLENDING WORKERS",2918,105761,33804.3
PRD,     PRD-CUTTING WORKERS,3505,88494,21464.1
PRD,"     PRD-EXTRUDING, FORMING, PRESSING, AND COMPACTING MACHINE SETTERS, OPERATORS, AND TENDERS",1513,30754,30098.4
PRD,"     PRD-FURNACE, KILN, OVEN, DRIER, AND KETTLE OPERATORS AND TENDERS",711,16035,32291.8
PRD,"     PRD-INSPECTORS, TESTERS, SORTERS, SAMPLERS, AND WEIGHERS",34367,964800,34500.9
PRD,     PRD-JEWELERS AND PRECIOUS STONE AND METAL WORKERS,1684,51952,23325.4
PRD,"     PRD-MEDICAL, DENTAL, AND OPHTHALMIC LABORATORY TECHNICIANS",3152,102568,28805.5
PRD,     PRD-PACKAGING AND FILLING MACHINE OPERATORS AND TENDERS,8301,345195,19924.4
PRD,     PRD-PAINTING WORKERS,3582,180835,29455.3
PRD,     PRD-PHOTOGRAPHIC PROCESS WORKERS AND PROCESSING MACHINE OPERATORS,517,37184,26782.8
PRD,     PRD-ADHESIVE BONDING MACHINE OPERATORS AND TENDERS,272,10500,24233
PRD,     PRD-ETCHERS AND ENGRAVERS,468,12259,21913.7
PRD,"     PRD-MOLDERS, SHAPERS, AND CASTERS, EXCEPT METAL AND PLASTIC",1318,36372,27755.7
PRD,"     PRD-PAPER GOODS MACHINE SETTERS, OPERATORS, AND TENDERS",1335,28391,28850
PRD,     PRD-TIRE BUILDERS,950,15937,38975.5
PRD,     PRD-HELPERS-PRODUCTION WORKERS,1457,69663,17984.8
PRD,"     PRD-MISCELLANEOUS PRODUCTION WORKERS, INCLUDING SEMICONDUCTOR PROCESSORS",50732,1569682,28542.5
TRN,     TRN-SUPERVISORS OF TRANSPORTATION AND MATERIAL MOVING WORKERS,6856,246903,44806.9
TRN,     TRN-AIRCRAFT PILOTS AND FLIGHT ENGINEERS,3556,162939,107038.6
TRN,     TRN-AIR TRAFFIC CONTROLLERS AND AIRFIELD OPERATIONS SPECIALISTS,1267,49912,74452.2
TRN,     TRN-FLIGHT ATTENDANTS,1413,114842,38985.8
TRN,"     TRN-AMBULANCE DRIVERS AND ATTENDANTS, EXCEPT EMERGENCY MEDICAL TECHNICIANS",624,16290,21931.6
TRN,     TRN-BUS DRIVERS,32666,739400,22476.6
TRN,     TRN-DRIVER/SALES WORKERS AND TRUCK DRIVERS,165531,4091660,31838
TRN,     TRN-TAXI DRIVERS AND CHAUFFEURS,19369,506818,17466.1
TRN,"     TRN-MOTOR VEHICLE OPERATORS, ALL OTHER",8044,69788,11969.2
TRN,     TRN-LOCOMOTIVE ENGINEERS AND OPERATORS,2270,48974,70658.7
TRN,     TRN-RAILROAD CONDUCTORS AND YARDMASTERS,1949,64160,55472.1
TRN,"     TRN-SUBWAY, STREETCAR, AND OTHER RAIL TRANSPORTATION WORKERS",1001,23586,44642.2
TRN,"     TRN-SAILORS AND MARINE OILERS, AND SHIP ENGINEERS",1185,43520,42117.6
TRN,     TRN-SHIP AND BOAT CAPTAINS AND OPERATORS,1462,58567,59330.2
TRN,     TRN-PARKING LOT ATTENDANTS,2827,108806,16359.6
TRN,     TRN-AUTOMOTIVE AND WATERCRAFT SERVICE ATTENDANTS,2471,124989,15233.8
TRN,     TRN-TRANSPORTATION INSPECTORS,3509,51028,47222.3
TRN,"     TRN-TRANSPORTATION ATTENDANTS, EXCEPT FLIGHT ATTENDANTS",1606,42686,19798.1
TRN,"     TRN-MISCELLANEOUS TRANSPORTATION WORKERS, INCLUDING BRIDGE AND LOCK TENDERS AND TRAFFIC TECHNICIANS",1263,36657,36233.3
TRN,     TRN-CRANE AND TOWER OPERATORS,4164,65706,54529.5
TRN,"     TRN-DREDGE, EXCAVATING, AND LOADING MACHINE OPERATORS",2657,41046,29435.3
TRN,"     TRN-CONVEYOR OPERATORS AND TENDERS, AND HOIST AND WINCH OPERATORS",157,17207,36807.8
TRN,     TRN-INDUSTRIAL TRUCK AND TRACTOR OPERATORS,21319,684992,27009.2
TRN,     TRN-CLEANERS OF VEHICLES AND EQUIPMENT,11813,489717,15399.6
TRN,"     TRN-LABORERS AND FREIGHT, STOCK, AND MATERIAL MOVERS, HAND",77508,2997010,19586.6
TRN,     TRN-MACHINE FEEDERS AND OFFBEARERS,1235,38032,17685.7
TRN,"     TRN-PACKERS AND PACKAGERS, HAND",14731,685877,15303.1
TRN,     TRN-PUMPING STATION OPERATORS,1745,32000,46409.8
TRN,     TRN-REFUSE AND RECYCLABLE MATERIAL COLLECTORS,4839,130255,20268.5
TRN,"     TRN-MISCELLANEOUS MATERIAL MOVING WORKERS, INCLUDING MINE SHUTTLE CAR OPERATORS, AND TANK CAR, TRUCK, AND SHIP LOADERS",3597,71013,30598.8
MIL,     MIL-MILITARY OFFICER SPECIAL AND TACTICAL OPERATIONS LEADERS,2817,46277,58631.2
MIL,     MIL-FIRST-LINE ENLISTED MILITARY SUPERVISORS,6716,104302,51594.2
MIL,     MIL-MILITARY ENLISTED TACTICAL OPERATIONS AND AIR/WEAPONS SPECIALISTS AND CREW MEMBERS,5150,166369,24305.7
MIL,"     MIL-MILITARY, RANK NOT SPECIFIED",7929,267048,40756.4
NA,"     UNEMPLOYED AND LAST WORKED 5 YEARS AGO OR EARLIER OR NEVER WORKED",43351,2090523,0