sector,jobtype,yes,no,average_wage
MGR,MGR-CHIEF EXECUTIVES AND LEGISLATORS,34454,1358324,137934.4
MGR,MGR-GENERAL AND OPERATIONS MANAGERS,23739,991511,76547.7
MGR,MGR-ADVERTISING AND PROMOTIONS MANAGERS,991,51245,64778.2
MGR,MGR-MARKETING AND SALES MANAGERS,16068,1044114,86943.2
MGR,MGR-PUBLIC RELATIONS AND FUNDRAISING MANAGERS,1255,67595,72521.9
MGR,MGR-ADMINISTRATIVE SERVICES MANAGERS,5184,169460,59186.2
MGR,MGR-COMPUTER AND INFORMATION SYSTEMS MANAGERS,10322,631517,99972.5
MGR,MGR-FINANCIAL MANAGERS,24393,1306046,89112.2
MGR,MGR-COMPENSATION AND BENEFITS MANAGERS,566,21434,73378.4
MGR,MGR-HUMAN RESOURCES MANAGERS,13303,455179,70848.5
MGR,MGR-TRAINING AND DEVELOPMENT MANAGERS,2680,75537,64949.6
MGR,MGR-INDUSTRIAL PRODUCTION MANAGERS,7849,268874,73507.3
MGR,MGR-PURCHASING MANAGERS,7528,222833,70377.7
MGR,"MGR-TRANSPORTATION, STORAGE, AND DISTRIBUTION MANAGERS",8903,267342,51876.2
MGR,"MGR-FARMERS, RANCHERS, AND OTHER AGRICULTURAL MANAGERS",28555,706967,19357.6
MGR,MGR-CONSTRUCTION MANAGERS,18764,673688,59381.7
MGR,MGR-EDUCATION ADMINISTRATORS,28844,1023080,59265.4
MGR,MGR-ARCHITECTURAL AND ENGINEERING MANAGERS,1755,171552,130742.3
MGR,MGR-FOOD SERVICE MANAGERS,33647,1106865,34753
MGR,MGR-GAMING MANAGERS,491,21151,45986.2
MGR,MGR-LODGING MANAGERS,6017,164563,41336.3
MGR,MGR-MEDICAL AND HEALTH SERVICES MANAGERS,19997,726342,73305.9
MGR,MGR-NATURAL SCIENCES MANAGERS,203,23646,86778.4
MGR,"MGR-PROPERTY, REAL ESTATE, AND COMMUNITY ASSOCIATION MANAGERS",28327,680836,49079
MGR,MGR-SOCIAL AND COMMUNITY SERVICE MANAGERS,14014,410966,51221.4
MGR,MGR-EMERGENCY MANAGEMENT DIRECTORS,988,10470,55224.3
MGR,"MGR-MISCELLANEOUS MANAGERS, INCLUDING FUNERAL SERVICE MANAGERS AND POSTMASTERS AND MAIL SUPERINTENDENTS",134383,4818377,75380.3
BUS,"BUS-AGENTS AND BUSINESS MANAGERS OF ARTISTS, PERFORMERS, AND ATHLETES",741,49480,53023.6
BUS,"BUS-BUYERS AND PURCHASING AGENTS, FARM PRODUCTS",997,12677,38954.5
BUS,"BUS-WHOLESALE AND RETAIL BUYERS, EXCEPT FARM PRODUCTS",6417,246212,32958.5
BUS,"BUS-PURCHASING AGENTS, EXCEPT WHOLESALE, RETAIL, AND FARM PRODUCTS",9494,312800,50216.8
BUS,"BUS-CLAIMS ADJUSTERS, APPRAISERS, EXAMINERS, AND INVESTIGATORS",9354,324946,48778.7
BUS,BUS-COMPLIANCE OFFICERS,8352,249064,65333.6
BUS,BUS-COST ESTIMATORS,5243,147766,55117.9
BUS,BUS-HUMAN RESOURCES WORKERS,22561,856195,55374.5
BUS,"BUS-COMPENSATION, BENEFITS, AND JOB ANALYSIS SPECIALISTS",2263,64985,48994.7
BUS,BUS-TRAINING AND DEVELOPMENT SPECIALISTS,6594,177410,50473
BUS,BUS-LOGISTICIANS,6120,161937,49037.3
BUS,BUS-MANAGEMENT ANALYSTS,27561,957554,68271.6
BUS,"BUS-MEETING, CONVENTION, AND EVENT PLANNERS",3286,161898,33410.2
BUS,BUS-FUNDRAISERS,2018,115854,46109.7
BUS,BUS-MARKET RESEARCH ANALYSTS AND MARKETING SPECIALISTS,3682,335652,65364.7
BUS,"BUS-BUSINESS OPERATIONS SPECIALISTS, ALL OTHER",9796,331362,62108.6
FIN,FIN-ACCOUNTANTS AND AUDITORS,53162,2182998,59154.5
FIN,FIN-APPRAISERS AND ASSESSORS OF REAL ESTATE,3030,104069,38474.7
FIN,FIN-BUDGET ANALYSTS,852,54696,70053.9
FIN,FIN-CREDIT ANALYSTS,914,30372,63825.5
FIN,FIN-FINANCIAL ANALYSTS,3215,251505,95274.7
FIN,FIN-PERSONAL FINANCIAL ADVISORS,5664,399869,103827.3
FIN,FIN-INSURANCE UNDERWRITERS,2793,121914,62275.8
FIN,FIN-FINANCIAL EXAMINERS,66,14300,86885
FIN,FIN-CREDIT COUNSELORS AND LOAN OFFICERS,7146,339767,64676.6
FIN,"FIN-TAX EXAMINERS AND COLLECTORS, AND REVENUE AGENTS",4559,70942,45747.2
FIN,FIN-TAX PREPARERS,11611,150858,28256.1
FIN,"FIN-FINANCIAL SPECIALISTS, ALL OTHER",3372,58317,79486
CMM,CMM-COMPUTER AND INFORMATION RESEARCH SCIENTISTS,0,22971,73330.2
CMM,CMM-COMPUTER SYSTEMS ANALYSTS,12801,540069,71287.3
CMM,CMM-INFORMATION SECURITY ANALYSTS,1301,70326,84797.7
CMM,CMM-COMPUTER PROGRAMMERS,9408,499426,70577.8
CMM,"CMM-SOFTWARE DEVELOPERS, APPLICATIONS AND SYSTEMS SOFTWARE",15503,1286538,90582.4
CMM,CMM-WEB DEVELOPERS,3216,218590,45119.8
CMM,CMM-COMPUTER SUPPORT SPECIALISTS,19046,717468,52652.6
CMM,CMM-DATABASE ADMINISTRATORS,2866,126531,70205.2
CMM,CMM-NETWORK AND COMPUTER SYSTEMS ADMINISTRATORS,6008,226029,63270
CMM,CMM-COMPUTER NETWORK ARCHITECTS,1960,114307,90643.2
CMM,"CMM-COMPUTER OCCUPATIONS, ALL OTHER",15608,639406,64037.4
CMM,CMM-ACTUARIES,601,29813,114220.2
CMM,CMM-OPERATIONS RESEARCH ANALYSTS,5156,154044,72482.1
CMM,"CMM-MISCELLANEOUS MATHEMATICAL SCIENCE OCCUPATIONS, INCLUDING MATHEMATICIANS AND STATISTICIANS",862,58243,80275.5
ENG,"ENG-ARCHITECTS, EXCEPT NAVAL",2376,196285,70724.6
ENG,"ENG-SURVEYORS, CARTOGRAPHERS, AND PHOTOGRAMMETRISTS",1190,37506,45992.9
ENG,ENG-AEROSPACE ENGINEERS,1702,133700,91383.4
ENG,ENG-BIOMEDICAL AND AGRICULTURAL ENGINEERS,376,17167,75127.4
ENG,ENG-CHEMICAL ENGINEERS,1113,73475,99119.3
ENG,ENG-CIVIL ENGINEERS,6701,352365,75839.1
ENG,ENG-COMPUTER HARDWARE ENGINEERS,908,57689,88170.8
ENG,ENG-ELECTRICAL AND ELECTRONICS ENGINEERS,2642,239294,86267.1
ENG,ENG-ENVIRONMENTAL ENGINEERS,1216,33272,70260.9
ENG,"ENG-INDUSTRIAL ENGINEERS, INCLUDING HEALTH AND SAFETY",4837,220620,69411.2
ENG,ENG-MARINE ENGINEERS AND NAVAL ARCHITECTS,971,13600,74885
ENG,ENG-MATERIALS ENGINEERS,575,47293,75485.1
ENG,ENG-MECHANICAL ENGINEERS,3482,272204,77139.2
ENG,"ENG-PETROLEUM, MINING AND GEOLOGICAL ENGINEERS, INCLUDING MINING SAFETY ENGINEERS",685,54866,123686
ENG,"ENG-MISCELLANEOUS ENGINEERS, INCLUDING NUCLEAR ENGINEERS",10422,598949,85450.8
ENG,ENG-DRAFTERS,5855,182359,41117.1
ENG,"ENG-ENGINEERING TECHNICIANS, EXCEPT DRAFTERS",15942,421435,46954.4
ENG,ENG-SURVEYING AND MAPPING TECHNICIANS,3213,79386,38761.7
SCI,SCI-AGRICULTURAL AND FOOD SCIENTISTS,181,24777,51445.8
SCI,SCI-BIOLOGICAL SCIENTISTS,1295,82336,56433
SCI,SCI-CONSERVATION SCIENTISTS AND FORESTERS,503,22850,50453.5
SCI,"SCI-MEDICAL SCIENTISTS, AND LIFE SCIENTISTS, ALL OTHER",1430,171791,79850.2
SCI,SCI-ASTRONOMERS AND PHYSICISTS,520,11211,85080.4
SCI,SCI-ATMOSPHERIC AND SPACE SCIENTISTS,759,12943,66926.5
SCI,SCI-CHEMISTS AND MATERIALS SCIENTISTS,777,96724,70466.6
SCI,SCI-ENVIRONMENTAL SCIENTISTS AND GEOSCIENTISTS,956,82426,83476.8
SCI,"SCI-PHYSICAL SCIENTISTS, ALL OTHER",2745,245203,71301.9
SCI,SCI-ECONOMISTS,332,24636,114670.5
SCI,SCI-PSYCHOLOGISTS,6517,217286,47810.6
SCI,SCI-URBAN AND REGIONAL PLANNERS,1159,25315,58818.5
SCI,"SCI-MISCELLANEOUS SOCIAL SCIENTISTS, INCLUDING SURVEY RESEARCHERS AND SOCIOLOGISTS",1188,46324,43341.5
SCI,SCI-AGRICULTURAL AND FOOD SCIENCE TECHNICIANS,1730,43363,40906.4
SCI,SCI-BIOLOGICAL TECHNICIANS,388,26615,45529.1
SCI,SCI-CHEMICAL TECHNICIANS,2821,83169,46126.6
SCI,"SCI-GEOLOGICAL AND PETROLEUM TECHNICIANS, AND NUCLEAR TECHNICIANS",1477,26576,61703.9
SCI,"SCI-MISCELLANEOUS LIFE, PHYSICAL, AND SOCIAL SCIENCE TECHNICIANS, INCLUDING SOCIAL SCIENCE RESEARCH ASSISTANTS",5925,293641,28096.2
CMS,CMS-COUNSELORS,38606,935791,33950.1
CMS,CMS-SOCIAL WORKERS,39311,938822,37545.2
CMS,CMS-PROBATION OFFICERS AND CORRECTIONAL TREATMENT SPECIALISTS,3355,96906,44453.2
CMS,CMS-SOCIAL AND HUMAN SERVICE ASSISTANTS,10501,218326,29905.9
CMS,"CMS-MISCELLANEOUS COMMUNITY AND SOCIAL SERVICE SPECIALISTS, INCLUDING HEALTH EDUCATORS AND COMMUNITY HEALTH WORKERS",5490,110440,35288.4
CMS,CMS-CLERGY,22564,475875,35008.8
CMS,"CMS-DIRECTORS, RELIGIOUS ACTIVITIES AND EDUCATION",1835,84551,33002.1
CMS,"CMS-RELIGIOUS WORKERS, ALL OTHER",4091,90987,21169.3
LGL,"LGL-LAWYERS, AND JUDGES, MAGISTRATES, AND OTHER JUDICIAL WORKERS",27946,1213442,119680.5
LGL,LGL-JUDICIAL LAW CLERKS,307,26468,46059.2
LGL,LGL-PARALEGALS AND LEGAL ASSISTANTS,15616,464755,41805.2
LGL,LGL-MISCELLANEOUS LEGAL SUPPORT WORKERS,5984,201693,43907.6
EDU,EDU-POSTSECONDARY TEACHERS,51046,1792356,48287.2
EDU,EDU-PRESCHOOL AND KINDERGARTEN TEACHERS,20889,715495,19187.1
EDU,EDU-ELEMENTARY AND MIDDLE SCHOOL TEACHERS,99184,4188602,39087.1
EDU,EDU-SECONDARY SCHOOL TEACHERS,21605,928527,43177.4
EDU,EDU-SPECIAL EDUCATION TEACHERS,7178,301526,38621.3
EDU,EDU-OTHER TEACHERS AND INSTRUCTORS,36180,1159782,20139.2
EDU,"EDU-ARCHIVISTS, CURATORS, AND MUSEUM TECHNICIANS",1547,56785,36674.1
EDU,EDU-LIBRARIANS,6508,209359,34169.4
EDU,EDU-LIBRARY TECHNICIANS,1939,64483,15287
EDU,EDU-TEACHER ASSISTANTS,54922,1294660,16272.3
EDU,"EDU-OTHER EDUCATION, TRAINING, AND LIBRARY WORKERS",4101,138612,37437.7
ENT,ENT-ARTISTS AND RELATED WORKERS,10225,252423,26401.4
ENT,ENT-DESIGNERS,20068,1015594,39110.8
ENT,ENT-ACTORS,2049,78209,23362.7
ENT,ENT-PRODUCERS AND DIRECTORS,2740,177628,63538.6
ENT,"ENT-ATHLETES, COACHES, UMPIRES, AND RELATED WORKERS",5494,426324,22002.2
ENT,ENT-DANCERS AND CHOREOGRAPHERS,632,29485,21118.2
ENT,"ENT-MUSICIANS, SINGERS, AND RELATED WORKERS",14026,262191,18916.5
ENT,"ENT-ENTERTAINERS AND PERFORMERS, SPORTS AND RELATED WORKERS, ALL OTHER",2565,56291,17534.8
ENT,ENT-ANNOUNCERS,4420,57267,33629.1
ENT,"ENT-NEWS ANALYSTS, REPORTERS AND CORRESPONDENTS",2619,88395,49712
ENT,ENT-PUBLIC RELATIONS SPECIALISTS,2198,152696,61582.1
ENT,ENT-EDITORS,5045,221123,42321.9
ENT,ENT-TECHNICAL WRITERS,2293,66305,54379
ENT,ENT-WRITERS AND AUTHORS,10338,290605,34839.2
ENT,ENT-MISCELLANEOUS MEDIA AND COMMUNICATION WORKERS,5559,135297,24981.9
ENT,"ENT-BROADCAST AND SOUND ENGINEERING TECHNICIANS AND RADIO OPERATORS, AND MEDIA AND COMMUNICATION EQUIPMENT WORKERS, ALL OTHER",2758,126710,39217.6
ENT,ENT-PHOTOGRAPHERS,7172,234190,16869.2
ENT,"ENT-TELEVISION, VIDEO, AND MOTION PICTURE CAMERA OPERATORS AND EDITORS",1498,77834,35366.2
MED,MED-CHIROPRACTORS,1012,57835,55820.3
MED,MED-DENTISTS,2162,177401,124640.9
MED,MED-DIETITIANS AND NUTRITIONISTS,3382,106644,38513.5
MED,MED-OPTOMETRISTS,113,39645,85471.5
MED,MED-PHARMACISTS,8083,328541,86644.6
MED,MED-PHYSICIANS AND SURGEONS,13910,970535,192009.9
MED,MED-PHYSICIAN ASSISTANTS,549,100424,85022
MED,MED-PODIATRISTS,308,8120,116267.1
MED,MED-AUDIOLOGISTS,287,17003,59166.8
MED,MED-OCCUPATIONAL THERAPISTS,1387,115968,53389.5
MED,MED-PHYSICAL THERAPISTS,1755,254100,60572.1
MED,MED-RADIATION THERAPISTS,269,18328,64577.8
MED,MED-RECREATIONAL THERAPISTS,311,11936,33030.4
MED,MED-RESPIRATORY THERAPISTS,3442,111079,50166.8
MED,MED-SPEECH-LANGUAGE PATHOLOGISTS,2774,167094,47571.1
MED,"MED-OTHER THERAPISTS, INCLUDING EXERCISE PHYSIOLOGISTS",3678,178562,35264.6
MED,MED-VETERINARIANS,1011,78341,83180.7
MED,MED-REGISTERED NURSES,97596,3427336,53748.8
MED,MED-NURSE ANESTHETISTS,431,30050,142463.3
MED,"MED-NURSE PRACTITIONERS, AND NURSE MIDWIVES",1419,141537,85312.5
MED,"MED-HEALTH DIAGNOSING AND TREATING PRACTITIONERS, ALL OTHER",797,29862,30935.3
MED,MED-CLINICAL LABORATORY TECHNOLOGISTS AND TECHNICIANS,11286,374283,39443.1
MED,MED-DENTAL HYGIENISTS,2205,197661,44156.4
MED,MED-DIAGNOSTIC RELATED TECHNOLOGISTS AND TECHNICIANS,9733,382147,48135.7
MED,MED-EMERGENCY MEDICAL TECHNICIANS AND PARAMEDICS,4369,228589,38385.9
MED,MED-HEALTH PRACTITIONER SUPPORT TECHNOLOGISTS AND TECHNICIANS,17497,711158,27142.3
MED,MED-LICENSED PRACTICAL AND LICENSED VOCATIONAL NURSES,53066,948238,30436.4
MED,MED-MEDICAL RECORDS AND HEALTH INFORMATION TECHNICIANS,9797,203355,33079.5
MED,"MED-OPTICIANS, DISPENSING",2461,63244,33525.4
MED,MED-MISCELLANEOUS HEALTH TECHNOLOGISTS AND TECHNICIANS,5527,141277,39907.2
MED,MED-OTHER HEALTHCARE PRACTITIONERS AND TECHNICAL OCCUPATIONS,4572,147320,50273.5
HLS,"HLS-NURSING, PSYCHIATRIC, AND HOME HEALTH AIDES",144953,2447466,18920.1
HLS,HLS-OCCUPATIONAL THERAPY ASSISTANTS AND AIDES,1396,23578,34523.4
HLS,HLS-PHYSICAL THERAPIST ASSISTANTS AND AIDES,1017,101208,30485.1
HLS,HLS-MASSAGE THERAPISTS,4203,201703,14391.2
HLS,HLS-DENTAL ASSISTANTS,5330,360691,25001.7
HLS,HLS-MEDICAL ASSISTANTS,15418,605057,24382.8
HLS,HLS-MEDICAL TRANSCRIPTIONISTS,3426,59300,17057.1
HLS,HLS-PHARMACY AIDES,2316,52116,25217.8
HLS,HLS-VETERINARY ASSISTANTS AND LABORATORY ANIMAL CARETAKERS,2182,63727,18030.2
HLS,HLS-PHLEBOTOMISTS,6651,138588,23974
HLS,"HLS-HEALTHCARE SUPPORT WORKERS, ALL OTHER, INCLUDING MEDICAL EQUIPMENT PREPARERS",6850,191797,22483.7
PRT,PRT-FIRST-LINE SUPERVISORS OF CORRECTIONAL OFFICERS,4648,67332,48857.4
PRT,PRT-FIRST-LINE SUPERVISORS OF POLICE AND DETECTIVES,4560,115239,70324.6
PRT,PRT-FIRST-LINE SUPERVISORS OF FIRE FIGHTING AND PREVENTION WORKERS,1185,56913,73292.9
PRT,"PRT-FIRST-LINE SUPERVISORS OF PROTECTIVE SERVICE WORKERS, ALL OTHER",4212,83694,47391.7
PRT,PRT-FIREFIGHTERS,6799,309726,59252.9
PRT,PRT-FIRE INSPECTORS,722,23226,44571.1
PRT,"PRT-BAILIFFS, CORRECTIONAL OFFICERS, AND JAILERS",23102,468702,41157.8
PRT,PRT-DETECTIVES AND CRIMINAL INVESTIGATORS,3972,142081,67384.5
PRT,PRT-MISCELLANEOUS LAW ENFORCEMENT WORKERS,422,15864,32325.5
PRT,PRT-POLICE OFFICERS,20391,792251,58646.6
PRT,PRT-ANIMAL CONTROL WORKERS,878,10276,36285.7
PRT,PRT-PRIVATE DETECTIVES AND INVESTIGATORS,4241,94621,46753.8
PRT,PRT-SECURITY GUARDS AND GAMING SURVEILLANCE OFFICERS,76557,1191083,24968.8
PRT,PRT-CROSSING GUARDS,6868,83970,13731.4
PRT,PRT-TRANSPORTATION SECURITY SCREENERS,1738,36686,39204.6
PRT,"PRT-LIFEGUARDS AND OTHER RECREATIONAL, AND ALL OTHER PROTECTIVE SERVICE WORKERS",2619,332579,6427.6
EAT,EAT-CHEFS AND HEAD COOKS,15993,485342,27149.7
EAT,EAT-FIRST-LINE SUPERVISORS OF FOOD PREPARATION AND SERVING WORKERS,23521,629609,22811.1
EAT,EAT-COOKS,125282,3011418,13366.2
EAT,EAT-FOOD PREPARATION WORKERS,46082,1322901,10404.3
EAT,EAT-BARTENDERS,14940,516418,19399.9
EAT,"EAT-COMBINED FOOD PREPARATION AND SERVING WORKERS, INCLUDING FAST FOOD",19486,518395,10018.9
EAT,"EAT-COUNTER ATTENDANTS, CAFETERIA, FOOD CONCESSION, AND COFFEE SHOP",5792,301797,6527.2
EAT,EAT-WAITERS AND WAITRESSES,56724,2896253,12746.5
EAT,"EAT-FOOD SERVERS, NONRESTAURANT",10164,237634,13246.4
EAT,"EAT-MISCELLANEOUS FOOD PREPARATION AND SERVING RELATED WORKERS, INCLUDING DINING ROOM AND CAFETERIA ATTENDANTS AND BARTENDER HELPERS",15707,497642,9847.7
EAT,EAT-DISHWASHERS,21447,478758,8654.1
EAT,"EAT-HOSTS AND HOSTESSES, RESTAURANT, LOUNGE, AND COFFEE SHOP",6541,441528,6745
CLN,CLN-FIRST-LINE SUPERVISORS OF HOUSEKEEPING AND JANITORIAL WORKERS,16416,257779,28790
CLN,"CLN-FIRST-LINE SUPERVISORS OF LANDSCAPING, LAWN SERVICE, AND GROUNDSKEEPING WORKERS",4508,175621,29542
CLN,CLN-JANITORS AND BUILDING CLEANERS,189924,3112759,17568.9
CLN,CLN-MAIDS AND HOUSEKEEPING CLEANERS,109645,1985140,10775.6
CLN,CLN-PEST CONTROL WORKERS,2263,85058,27417
CLN,CLN-GROUNDS MAINTENANCE WORKERS,67006,1782848,13569.4
PRS,PRS-FIRST-LINE SUPERVISORS OF GAMING WORKERS,932,26341,35436.5
PRS,PRS-FIRST-LINE SUPERVISORS OF PERSONAL SERVICE WORKERS,3056,94772,26973.8
PRS,PRS-ANIMAL TRAINERS,1868,48675,16746.2
PRS,PRS-NONFARM ANIMAL CARETAKERS,10308,299674,12489.9
PRS,PRS-GAMING SERVICES WORKERS,7082,121587,28523.9
PRS,PRS-MOTION PICTURE PROJECTIONISTS,17,4136,17389
PRS,"PRS-USHERS, LOBBY ATTENDANTS, AND TICKET TAKERS",4376,72692,6352.7
PRS,PRS-MISCELLANEOUS ENTERTAINMENT ATTENDANTS AND RELATED WORKERS,9706,327095,9270.1
PRS,PRS-EMBALMERS AND FUNERAL ATTENDANTS,1684,20964,18939.8
PRS,"PRS-MORTICIANS, UNDERTAKERS, AND FUNERAL DIRECTORS",2225,39413,48299.1
PRS,PRS-BARBERS,6475,116544,10629.8
PRS,"PRS-HAIRDRESSERS, HAIRSTYLISTS, AND COSMETOLOGISTS",38546,967546,13368
PRS,PRS-MISCELLANEOUS PERSONAL APPEARANCE WORKERS,6262,366982,14964.3
PRS,"PRS-BAGGAGE PORTERS, BELLHOPS, AND CONCIERGES",3380,97787,24875.4
PRS,PRS-TOUR AND TRAVEL GUIDES,2509,81909,12870.6
PRS,PRS-CHILDCARE WORKERS,75537,1798014,7865.2
PRS,PRS-PERSONAL CARE AIDES,135901,1668142,13946.7
PRS,PRS-RECREATION AND FITNESS WORKERS,15016,623745,13772
PRS,PRS-RESIDENTIAL ADVISORS,2610,90439,12872.3
PRS,"PRS-PERSONAL CARE AND SERVICE WORKERS, ALL OTHER",7922,194151,13360.1
SAL,SAL-FIRST-LINE SUPERVISORS OF RETAIL SALES WORKERS,118529,3436970,38509.7
SAL,SAL-FIRST-LINE SUPERVISORS OF NON-RETAIL SALES WORKERS,41742,1335539,68334.5
SAL,SAL-CASHIERS,181587,4713546,10095.1
SAL,SAL-COUNTER AND RENTAL CLERKS,5367,118828,20067.3
SAL,SAL-PARTS SALESPERSONS,4571,138366,29667.8
SAL,SAL-RETAIL SALESPERSONS,152884,4550848,20557.6
SAL,SAL-ADVERTISING SALES AGENTS,5989,190555,57533.1
SAL,SAL-INSURANCE SALES AGENTS,18977,630843,50462.1
SAL,"SAL-SECURITIES, COMMODITIES, AND FINANCIAL SERVICES SALES AGENTS",5633,275570,111362.2
SAL,SAL-TRAVEL AGENTS,2558,90703,26794
SAL,"SAL-SALES REPRESENTATIVES, SERVICES, ALL OTHER",18410,756375,64298.8
SAL,"SAL-SALES REPRESENTATIVES, WHOLESALE AND MANUFACTURING",33449,1565342,65774
SAL,"SAL-MODELS, DEMONSTRATORS, AND PRODUCT PROMOTERS",7267,90920,12711.7
SAL,SAL-REAL ESTATE BROKERS AND SALES AGENTS,34730,960886,40841.4
SAL,SAL-SALES ENGINEERS,400,37650,99899.2
SAL,SAL-TELEMARKETERS,9818,131527,14140.7
SAL,"SAL-DOOR-TO-DOOR SALES WORKERS, NEWS AND STREET VENDORS, AND RELATED WORKERS",15571,199775,11074.2
SAL,"SAL-SALES AND RELATED WORKERS, ALL OTHER",19055,355329,43468.2
OFF,OFF-FIRST-LINE SUPERVISORS OF OFFICE AND ADMINISTRATIVE SUPPORT WORKERS,64918,1556769,45257.9
OFF,"OFF-SWITCHBOARD OPERATORS, INCLUDING ANSWERING SERVICE",3263,38039,20552.1
OFF,OFF-TELEPHONE OPERATORS,4756,47692,19189.9
OFF,"OFF-COMMUNICATIONS EQUIPMENT OPERATORS, ALL OTHER",230,13800,37864.8
OFF,OFF-BILL AND ACCOUNT COLLECTORS,10499,203685,27540.4
OFF,OFF-BILLING AND POSTING CLERKS,24519,545903,29322.9
OFF,"OFF-BOOKKEEPING, ACCOUNTING, AND AUDITING CLERKS",74138,1418078,28069.9
OFF,OFF-GAMING CAGE WORKERS,174,8678,23033.9
OFF,OFF-PAYROLL AND TIMEKEEPING CLERKS,7425,191614,34211.7
OFF,OFF-PROCUREMENT CLERKS,577,36664,48487.3
OFF,OFF-TELLERS,11207,419023,19575
OFF,"OFF-FINANCIAL CLERKS, ALL OTHER",2655,139157,60405
OFF,OFF-BROKERAGE CLERKS,0,6848,40629
OFF,"OFF-COURT, MUNICIPAL, AND LICENSE CLERKS",4429,87799,31407
OFF,"OFF-CREDIT AUTHORIZERS, CHECKERS, AND CLERKS",2169,57337,37930.3
OFF,OFF-CUSTOMER SERVICE REPRESENTATIVES,118143,3298720,24661.2
OFF,"OFF-ELIGIBILITY INTERVIEWERS, GOVERNMENT PROGRAMS",5148,83430,35489.5
OFF,OFF-FILE CLERKS,15628,342804,19208
OFF,"OFF-HOTEL, MOTEL, AND RESORT DESK CLERKS",8437,175083,16502.1
OFF,"OFF-INTERVIEWERS, EXCEPT ELIGIBILITY AND LOAN",14244,179707,20494.7
OFF,"OFF-LIBRARY ASSISTANTS, CLERICAL",6307,134155,12882.7
OFF,OFF-LOAN INTERVIEWERS AND CLERKS,4702,131912,37006.9
OFF,OFF-NEW ACCOUNTS CLERKS,535,17748,41781.6
OFF,OFF-CORRESPONDENCE CLERKS AND ORDER CLERKS,7431,174300,24794
OFF,"OFF-HUMAN RESOURCES ASSISTANTS, EXCEPT PAYROLL AND TIMEKEEPING",2595,61293,30600.1
OFF,OFF-RECEPTIONISTS AND INFORMATION CLERKS,75349,1491293,17712.3
OFF,OFF-RESERVATION AND TRANSPORTATION TICKET AGENTS AND TRAVEL CLERKS,6328,149366,29892.4
OFF,"OFF-INFORMATION AND RECORD CLERKS, ALL OTHER",7151,129491,24680.5
OFF,OFF-CARGO AND FREIGHT AGENTS,1046,23579,33801
OFF,OFF-COURIERS AND MESSENGERS,10928,268233,25899.9
OFF,OFF-DISPATCHERS,18456,315484,33398.2
OFF,"OFF-METER READERS, UTILITIES",2028,32499,33777.2
OFF,OFF-POSTAL SERVICE CLERKS,9770,131186,39293.2
OFF,OFF-POSTAL SERVICE MAIL CARRIERS,14787,379629,40097.7
OFF,"OFF-POSTAL SERVICE MAIL SORTERS, PROCESSORS, AND PROCESSING MACHINE OPERATORS",5945,83352,35096.8
OFF,"OFF-PRODUCTION, PLANNING, AND EXPEDITING CLERKS",12586,361216,40617.4
OFF,"OFF-SHIPPING, RECEIVING, AND TRAFFIC CLERKS",26840,727074,24618.7
OFF,OFF-STOCK CLERKS AND ORDER FILLERS,87207,2148794,16927.5
OFF,"OFF-WEIGHERS, MEASURERS, CHECKERS, AND SAMPLERS, RECORDKEEPING",4600,94925,29551.5
OFF,OFF-SECRETARIES AND ADMINISTRATIVE ASSISTANTS,180804,4015398,27221.6
OFF,OFF-COMPUTER OPERATORS,4232,111774,34477.2
OFF,OFF-DATA ENTRY KEYERS,25762,448270,22140.5
OFF,OFF-WORD PROCESSORS AND TYPISTS,18666,386933,23093.6
OFF,OFF-INSURANCE CLAIMS AND POLICY PROCESSING CLERKS,17675,439839,33324.4
OFF,"OFF-MAIL CLERKS AND MAIL MACHINE OPERATORS, EXCEPT POSTAL SERVICE",6347,106693,18788.1
OFF,"OFF-OFFICE CLERKS, GENERAL",68338,1682694,23303.1
OFF,"OFF-OFFICE MACHINE OPERATORS, EXCEPT COMPUTER",1461,53233,19081.5
OFF,OFF-PROOFREADERS AND COPY MARKERS,859,16417,17602.7
OFF,OFF-STATISTICAL ASSISTANTS,1054,23068,40587.4
OFF,"OFF-MISCELLANEOUS OFFICE AND ADMINISTRATIVE SUPPORT WORKERS, INCLUDING DESKTOP PUBLISHERS",31125,740398,32113
FFF,"FFF-FIRST-LINE SUPERVISORS OF FARMING, FISHING, AND FORESTRY WORKERS",2555,68364,33432.6
FFF,FFF-AGRICULTURAL INSPECTORS,1329,16918,35379.6
FFF,"FFF-GRADERS AND SORTERS, AGRICULTURAL PRODUCTS",4430,81948,13854.6
FFF,"FFF-MISCELLANEOUS AGRICULTURAL WORKERS, INCLUDING ANIMAL BREEDERS",42191,1171866,15986.2
FFF,FFF-FISHING AND HUNTING WORKERS,2202,58712,14973.2
FFF,FFF-FOREST AND CONSERVATION WORKERS,1291,17041,23121.5
FFF,FFF-LOGGING WORKERS,3913,78915,19466.4
CON,CON-FIRST-LINE SUPERVISORS OF CONSTRUCTION TRADES AND EXTRACTION WORKERS,36591,856859,52783.6
CON,CON-BOILERMAKERS,1057,20984,49115.2
CON,"CON-BRICKMASONS, BLOCKMASONS, STONEMASONS, AND",6239,179100,25219.3
CON,CON-CARPENTERS,56608,1488721,23455.5
CON,"CON-CARPET, FLOOR, AND TILE INSTALLERS AND FINISHERS",5672,180676,21777
CON,"CON-CEMENT MASONS, CONCRETE FINISHERS, AND TERRAZZO WORKERS",2082,71421,28091.5
CON,CON-CONSTRUCTION LABORERS,74561,2309171,22102.1
CON,"CON-PAVING, SURFACING, AND TAMPING EQUIPMENT OPERATORS",1387,17641,24538.7
CON,"CON-CONSTRUCTION EQUIPMENT OPERATORS, EXCEPT PAVING, SURFACING, AND TAMPING EQUIPMENT OPERATORS",19585,408558,39825.9
CON,"CON-DRYWALL INSTALLERS, CEILING TILE INSTALLERS, AND TAPERS",7040,183663,22099
CON,CON-ELECTRICIANS,27779,904318,43006.7
CON,CON-GLAZIERS,1982,45164,31638.5
CON,CON-INSULATION WORKERS,1348,49140,32156.9
CON,CON-PAINTERS AND PAPERHANGERS,27661,736013,18256.5
CON,"CON-PIPELAYERS, PLUMBERS, PIPEFITTERS, AND STEAMFITTERS",20339,627959,38238.9
CON,CON-PLASTERERS AND STUCCO MASONS,1387,39589,24722
CON,CON-ROOFERS,10676,278265,20689.5
CON,CON-SHEET METAL WORKERS,4438,150986,35125.5
CON,CON-STRUCTURAL IRON AND STEEL WORKERS,2792,70458,39076.9
CON,"CON-HELPERS, CONSTRUCTION TRADES",2270,63171,19973.5
CON,CON-CONSTRUCTION AND BUILDING INSPECTORS,6242,104370,41088.6
CON,CON-ELEVATOR INSTALLERS AND REPAIRERS,799,26114,69744.8
CON,CON-FENCE ERECTORS,1490,37485,18108.4
CON,CON-HAZARDOUS MATERIALS REMOVAL WORKERS,2726,38007,34216.1
CON,CON-HIGHWAY MAINTENANCE WORKERS,6210,130143,33094.3
CON,CON-RAIL-TRACK LAYING AND MAINTENANCE EQUIPMENT OPERATORS,630,17551,47405
CON,"CON-MISCELLANEOUS CONSTRUCTION WORKERS, INCLUDING SOLAR PHOTOVOLTAIC INSTALLERS, SEPTIC TANK SERVICERS AND SEWER PIPE CLEANERS",3263,91389,25986.7
EXT,"EXT-DERRICK, ROTARY DRILL, AND SERVICE UNIT OPERATORS, AND ROUSTABOUTS, OIL, GAS, AND MINING",1820,53893,65950.1
EXT,"EXT-EARTH DRILLERS, EXCEPT OIL AND GAS",2149,30367,49046.8
EXT,"EXT-EXPLOSIVES WORKERS, ORDNANCE HANDLING EXPERTS, AND BLASTERS",267,20292,38461.5
EXT,EXT-MINING MACHINE OPERATORS,4480,72770,57130.6
EXT,"EXT-MISCELLANEOUS EXTRACTION WORKERS, INCLUDING ROOF BOLTERS AND HELPERS",3292,91171,49227.5
RPR,"RPR-FIRST-LINE SUPERVISORS OF MECHANICS, INSTALLERS, AND REPAIRERS",14204,312349,52409.2
RPR,"RPR-COMPUTER, AUTOMATED TELLER, AND OFFICE MACHINE REPAIRERS",8573,240588,34194.2
RPR,RPR-RADIO AND TELECOMMUNICATIONS EQUIPMENT INSTALLERS AND REPAIRERS,6016,194563,42470.2
RPR,RPR-AVIONICS TECHNICIANS,1733,28321,39269.7
RPR,"RPR-ELECTRIC MOTOR, POWER TOOL, AND RELATED REPAIRERS",832,27872,39027.9
RPR,"RPR-ELECTRICAL AND ELECTRONICS REPAIRERS, TRANSPORTATION EQUIPMENT, AND INDUSTRIAL AND UTILITY",909,23019,44561.7
RPR,"RPR-ELECTRONIC EQUIPMENT INSTALLERS AND REPAIRERS, MOTOR VEHICLES",853,12567,44532.7
RPR,RPR-ELECTRONIC HOME ENTERTAINMENT EQUIPMENT INSTALLERS AND REPAIRERS,1464,47846,32792.7
RPR,RPR-SECURITY AND FIRE ALARM SYSTEMS INSTALLERS,1930,64034,38021.2
RPR,RPR-AIRCRAFT MECHANICS AND SERVICE TECHNICIANS,8994,212950,47259.3
RPR,RPR-AUTOMOTIVE BODY AND RELATED REPAIRERS,6342,165283,31754.5
RPR,RPR-AUTOMOTIVE GLASS INSTALLERS AND REPAIRERS,953,20542,26608.1
RPR,RPR-AUTOMOTIVE SERVICE TECHNICIANS AND MECHANICS,33369,956655,29366.4
RPR,RPR-BUS AND TRUCK MECHANICS AND DIESEL ENGINE SPECIALISTS,14238,353707,37156.1
RPR,RPR-HEAVY VEHICLE AND MOBILE EQUIPMENT SERVICE TECHNICIANS AND MECHANICS,11336,231920,43494.3
RPR,RPR-SMALL ENGINE MECHANICS,3662,59602,22230.2
RPR,"RPR-MISCELLANEOUS VEHICLE AND MOBILE EQUIPMENT MECHANICS, INSTALLERS, AND REPAIRERS",3436,95563,23816.9
RPR,RPR-CONTROL AND VALVE INSTALLERS AND REPAIRERS,502,23597,49057.7
RPR,"RPR-HEATING, AIR CONDITIONING, AND REFRIGERATION MECHANICS AND INSTALLERS",14314,418060,36543
RPR,RPR-HOME APPLIANCE REPAIRERS,1994,43978,28299.4
RPR,RPR-INDUSTRIAL AND REFRACTORY MACHINERY MECHANICS,18128,452279,43062.7
RPR,"RPR-MAINTENANCE AND REPAIR WORKERS, GENERAL",31383,576557,36030.3
RPR,"RPR-MAINTENANCE WORKERS, MACHINERY",1798,38155,45266.1
RPR,RPR-MILLWRIGHTS,2277,56994,48518.2
RPR,RPR-ELECTRICAL POWER-LINE INSTALLERS AND REPAIRERS,3766,129927,64071.5
RPR,RPR-TELECOMMUNICATIONS LINE INSTALLERS AND REPAIRERS,6014,175051,42699.2
RPR,RPR-PRECISION INSTRUMENT AND EQUIPMENT REPAIRERS,3926,73125,38440.9
RPR,"RPR-COIN, VENDING, AND AMUSEMENT MACHINE SERVICERS AND REPAIRERS",1814,39326,23934.4
RPR,RPR-LOCKSMITHS AND SAFE REPAIRERS,1583,28211,29738.8
RPR,RPR-RIGGERS,334,12579,43722.1
RPR,"RPR-HELPERS--INSTALLATION, MAINTENANCE, AND REPAIR WORKERS",1106,29658,17992.8
RPR,"RPR-MISCELLANEOUS INSTALLATION, MAINTENANCE, AND REPAIR",13550,352205,31198.1
RPR,PRD-FIRST-LINE SUPERVISORS OF PRODUCTION AND OPERATING WORKERS,39531,979702,51431.3
RPR,"PRD-AIRCRAFT STRUCTURE, SURFACES, RIGGING, AND SYSTEMS ASSEMBLERS",513,8382,36480.5
RPR,"PRD-ELECTRICAL, ELECTRONICS, AND ELECTROMECHANICAL ASSEMBLERS",8806,159542,26666.8
RPR,PRD-ENGINE AND OTHER MACHINE ASSEMBLERS,582,14374,33761.9
RPR,PRD-STRUCTURAL METAL FABRICATORS AND FITTERS,1343,35304,32864.3
RPR,PRD-MISCELLANEOUS ASSEMBLERS AND FABRICATORS,59532,1278638,25544.9
RPR,PRD-BAKERS,11794,283608,17604.4
PRD,"PRD-BUTCHERS AND OTHER MEAT, POULTRY, AND FISH PROCESSING WORKERS",11681,317150,23338.4
PRD,"PRD-FOOD AND TOBACCO ROASTING, BAKING, AND DRYING MACHINE OPERATORS AND TENDERS",322,11134,25917.9
PRD,PRD-FOOD BATCHMAKERS,5865,112365,19183.4
PRD,PRD-FOOD COOKING MACHINE OPERATORS AND TENDERS,907,11469,14819.7
PRD,"PRD-FOOD PROCESSING WORKERS, ALL OTHER",5762,153688,27235.6
PRD,PRD-COMPUTER CONTROL PROGRAMMERS AND OPERATORS,3603,103334,39628.5
PRD,"PRD-EXTRUDING AND DRAWING MACHINE SETTERS, OPERATORS, AND TENDERS, METAL AND PLASTIC",778,15153,31353.9
PRD,"PRD-FORGING MACHINE SETTERS, OPERATORS, AND TENDERS, METAL AND PLASTIC",467,8783,35060.6
PRD,"PRD-ROLLING MACHINE SETTERS, OPERATORS, AND TENDERS, METAL AND PLASTIC",604,9128,40947
PRD,"PRD-MACHINE TOOL CUTTING SETTERS, OPERATORS, AND TENDERS, METAL AND PLASTIC",7550,177470,27900.9
PRD,PRD-MACHINISTS,14839,396949,39595.1
PRD,"PRD-METAL FURNACE OPERATORS, TENDERS, POURERS, AND CASTERS",1700,24912,38318.2
PRD,"PRD-MODEL MAKERS, PATTERNMAKERS, AND MOLDING MACHINE SETTERS, METAL AND PLASTIC",3244,56128,31534.6
PRD,PRD-TOOL AND DIE MAKERS,3699,65931,44120.7
PRD,"PRD-WELDING, SOLDERING, AND BRAZING WORKERS",28990,734552,34537
PRD,"PRD-MISCELLANEOUS METAL WORKERS AND PLASTIC WORKERS, INCLUDING MULTIPLE MACHINE TOOL SETTERS",21293,499409,30137.3
PRD,PRD-PREPRESS TECHNICIANS AND WORKERS,1419,29814,25140.6
PRD,PRD-PRINTING PRESS OPERATORS,8349,212388,28513
PRD,PRD-PRINT BINDING AND FINISHING WORKERS,1242,26592,23164.4
PRD,PRD-LAUNDRY AND DRY-CLEANING WORKERS,14764,239190,15551.4
PRD,"PRD-PRESSERS, TEXTILE, GARMENT, AND RELATED MATERIALS",3505,57039,14146.9
PRD,PRD-SEWING MACHINE OPERATORS,15528,241979,15843.5
PRD,PRD-SHOE AND LEATHER WORKERS,826,15869,15256
PRD,"PRD-TAILORS, DRESSMAKERS, AND SEWERS",7359,90327,15136.1
PRD,"PRD-TEXTILE BLEACHING AND DYEING, AND CUTTING MACHINE SETTERS, OPERATORS, AND TENDERS",421,13392,20946.1
PRD,"PRD-TEXTILE KNITTING AND WEAVING MACHINE SETTERS, OPERATORS, AND TENDERS",1293,9643,19473.7
PRD,"PRD-TEXTILE WINDING, TWISTING, AND DRAWING OUT MACHINE SETTERS, OPERATORS, AND TENDERS",1398,14835,19542.9
PRD,PRD-UPHOLSTERERS,2150,38653,19277
PRD,"PRD-MISCELLANEOUS TEXTILE, APPAREL, AND FURNISHINGS WORKERS, EXCEPT UPHOLSTERERS",781,22693,23874.2
PRD,PRD-CABINETMAKERS AND BENCH CARPENTERS,2913,57238,21784.4
PRD,PRD-FURNITURE FINISHERS,674,17656,18171.7
PRD,"PRD-SAWING MACHINE SETTERS, OPERATORS, AND TENDERS, WOOD",1896,42535,20248.2
PRD,"PRD-WOODWORKING MACHINE SETTERS, OPERATORS, AND TENDERS, EXCEPT SAWING",832,19646,19380.3
PRD,"PRD-MISCELLANEOUS WOODWORKERS, INCLUDING MODEL MAKERS AND PATTERNMAKERS",1217,40027,20726.2
PRD,"PRD-POWER PLANT OPERATORS, DISTRIBUTORS, AND DISPATCHERS",1360,54625,78251.6
PRD,PRD-STATIONARY ENGINEERS AND BOILER OPERATORS,4394,110438,51553.3
PRD,PRD-WATER AND WASTEWATER TREATMENT PLANT AND SYSTEM OPERATORS,3633,93633,44531.3
PRD,PRD-MISCELLANEOUS PLANT AND SYSTEM OPERATORS,2057,51716,56570.7
PRD,"PRD-CHEMICAL PROCESSING MACHINE SETTERS, OPERATORS, AND TENDERS",1983,61482,44423.5
PRD,"PRD-CRUSHING, GRINDING, POLISHING, MIXING, AND BLENDING WORKERS",4183,104496,33804.3
PRD,PRD-CUTTING WORKERS,6809,85190,21464.1
PRD,"PRD-EXTRUDING, FORMING, PRESSING, AND COMPACTING MACHINE SETTERS, OPERATORS, AND TENDERS",1554,30713,30098.4
PRD,"PRD-FURNACE, KILN, OVEN, DRIER, AND KETTLE OPERATORS AND TENDERS",364,16382,32291.8
PRD,"PRD-INSPECTORS, TESTERS, SORTERS, SAMPLERS, AND WEIGHERS",49565,949602,34500.9
PRD,PRD-JEWELERS AND PRECIOUS STONE AND METAL WORKERS,2539,51097,23325.4
PRD,"PRD-MEDICAL, DENTAL, AND OPHTHALMIC LABORATORY TECHNICIANS",3715,102005,28805.5
PRD,PRD-PACKAGING AND FILLING MACHINE OPERATORS AND TENDERS,14987,338509,19924.4
PRD,PRD-PAINTING WORKERS,6403,178014,29455.3
PRD,PRD-PHOTOGRAPHIC PROCESS WORKERS AND PROCESSING MACHINE OPERATORS,1919,35782,26782.8
PRD,PRD-ADHESIVE BONDING MACHINE OPERATORS AND TENDERS,559,10213,24233
PRD,PRD-ETCHERS AND ENGRAVERS,923,11804,21913.7
PRD,"PRD-MOLDERS, SHAPERS, AND CASTERS, EXCEPT METAL AND PLASTIC",485,37205,27755.7
PRD,"PRD-PAPER GOODS MACHINE SETTERS, OPERATORS, AND TENDERS",1475,28251,28850
PRD,PRD-TIRE BUILDERS,63,16824,38975.5
PRD,PRD-HELPERS-PRODUCTION WORKERS,1692,69428,17984.8
PRD,"PRD-MISCELLANEOUS PRODUCTION WORKERS, INCLUDING SEMICONDUCTOR PROCESSORS",77356,1543058,28542.5
TRN,TRN-SUPERVISORS OF TRANSPORTATION AND MATERIAL MOVING WORKERS,7755,246004,44806.9
TRN,TRN-AIRCRAFT PILOTS AND FLIGHT ENGINEERS,1941,164554,107038.6
TRN,TRN-AIR TRAFFIC CONTROLLERS AND AIRFIELD OPERATIONS SPECIALISTS,681,50498,74452.2
TRN,TRN-FLIGHT ATTENDANTS,2336,113919,38985.8
TRN,"TRN-AMBULANCE DRIVERS AND ATTENDANTS, EXCEPT EMERGENCY MEDICAL TECHNICIANS",1034,15880,21931.6
TRN,TRN-BUS DRIVERS,56601,715465,22476.6
TRN,TRN-DRIVER/SALES WORKERS AND TRUCK DRIVERS,214522,4042669,31838
TRN,TRN-TAXI DRIVERS AND CHAUFFEURS,31979,494208,17466.1
TRN,"TRN-MOTOR VEHICLE OPERATORS, ALL OTHER",7445,70387,11969.2
TRN,TRN-LOCOMOTIVE ENGINEERS AND OPERATORS,1715,49529,70658.7
TRN,TRN-RAILROAD CONDUCTORS AND YARDMASTERS,1697,64412,55472.1
TRN,"TRN-SUBWAY, STREETCAR, AND OTHER RAIL TRANSPORTATION WORKERS",1586,23001,44642.2
TRN,"TRN-SAILORS AND MARINE OILERS, AND SHIP ENGINEERS",1030,43675,42117.6
TRN,TRN-SHIP AND BOAT CAPTAINS AND OPERATORS,1587,58442,59330.2
TRN,TRN-PARKING LOT ATTENDANTS,3051,108582,16359.6
TRN,TRN-AUTOMOTIVE AND WATERCRAFT SERVICE ATTENDANTS,5663,121797,15233.8
TRN,TRN-TRANSPORTATION INSPECTORS,2726,51811,47222.3
TRN,"TRN-TRANSPORTATION ATTENDANTS, EXCEPT FLIGHT ATTENDANTS",3528,40764,19798.1
TRN,"TRN-MISCELLANEOUS TRANSPORTATION WORKERS, INCLUDING BRIDGE AND LOCK TENDERS AND TRAFFIC TECHNICIANS",1487,36433,36233.3
TRN,TRN-CRANE AND TOWER OPERATORS,2403,67467,54529.5
TRN,"TRN-DREDGE, EXCAVATING, AND LOADING MACHINE OPERATORS",1775,41928,29435.3
TRN,"TRN-CONVEYOR OPERATORS AND TENDERS, AND HOIST AND WINCH OPERATORS",236,17128,36807.8
TRN,TRN-INDUSTRIAL TRUCK AND TRACTOR OPERATORS,25802,680509,27009.2
TRN,TRN-CLEANERS OF VEHICLES AND EQUIPMENT,19158,482372,15399.6
TRN,"TRN-LABORERS AND FREIGHT, STOCK, AND MATERIAL MOVERS, HAND",105244,2969274,19586.6
TRN,TRN-MACHINE FEEDERS AND OFFBEARERS,2659,36608,17685.7
TRN,"TRN-PACKERS AND PACKAGERS, HAND",33063,667545,15303.1
TRN,TRN-PUMPING STATION OPERATORS,1554,32191,46409.8
TRN,TRN-REFUSE AND RECYCLABLE MATERIAL COLLECTORS,7401,127693,20268.5
TRN,"TRN-MISCELLANEOUS MATERIAL MOVING WORKERS, INCLUDING MINE SHUTTLE CAR OPERATORS, AND TANK CAR, TRUCK, AND SHIP LOADERS",3586,71024,30598.8
MIL,MIL-MILITARY OFFICER SPECIAL AND TACTICAL OPERATIONS LEADERS,962,48132,58631.2
MIL,MIL-FIRST-LINE ENLISTED MILITARY SUPERVISORS,5332,105686,51594.2
MIL,MIL-MILITARY ENLISTED TACTICAL OPERATIONS AND AIR/WEAPONS SPECIALISTS AND CREW MEMBERS,2314,169205,24305.7
MIL,"MIL-MILITARY, RANK NOT SPECIFIED **",6419,268558,40756.4
NA,UNEMPLOYED AND LAST WORKED 5 YEARS AGO OR EARLIER OR NEVER WORKED **,108854,2025020,0