sector,jobtype,yes,no,average_wage
MGR, MGR-CHIEF EXECUTIVES AND LEGISLATORS,17904,1374874,137934.4
MGR, MGR-GENERAL AND OPERATIONS MANAGERS,8671,1006579,76547.7
MGR, MGR-ADVERTISING AND PROMOTIONS MANAGERS,353,51883,64778.2
MGR, MGR-MARKETING AND SALES MANAGERS,8175,1052007,86943.2
MGR, MGR-PUBLIC RELATIONS AND FUNDRAISING MANAGERS,608,68242,72521.9
MGR, MGR-ADMINISTRATIVE SERVICES MANAGERS,3029,171615,59186.2
MGR, MGR-COMPUTER AND INFORMATION SYSTEMS MANAGERS,4214,637625,99972.5
MGR, MGR-FINANCIAL MANAGERS,13899,1316540,89112.2
MGR, MGR-COMPENSATION AND BENEFITS MANAGERS,64,21936,73378.4
MGR, MGR-HUMAN RESOURCES MANAGERS,6242,462240,70848.5
MGR, MGR-TRAINING AND DEVELOPMENT MANAGERS,2204,76013,64949.6
MGR, MGR-INDUSTRIAL PRODUCTION MANAGERS,3612,273111,73507.3
MGR, MGR-PURCHASING MANAGERS,3097,227264,70377.7
MGR," MGR-TRANSPORTATION, STORAGE, AND DISTRIBUTION MANAGERS",3606,272639,51876.2
MGR," MGR-FARMERS, RANCHERS, AND OTHER AGRICULTURAL MANAGERS",11720,723802,19357.6
MGR, MGR-CONSTRUCTION MANAGERS,9309,683143,59381.7
MGR, MGR-EDUCATION ADMINISTRATORS,12382,1039542,59265.4
MGR, MGR-ARCHITECTURAL AND ENGINEERING MANAGERS,1263,172044,130742.3
MGR, MGR-FOOD SERVICE MANAGERS,20439,1120073,34753
MGR, MGR-GAMING MANAGERS,501,21141,45986.2
MGR, MGR-LODGING MANAGERS,1943,168637,41336.3
MGR, MGR-MEDICAL AND HEALTH SERVICES MANAGERS,7967,738372,73305.9
MGR, MGR-NATURAL SCIENCES MANAGERS,70,23779,86778.4
MGR," MGR-PROPERTY, REAL ESTATE, AND COMMUNITY ASSOCIATION MANAGERS",10915,698248,49079
MGR, MGR-SOCIAL AND COMMUNITY SERVICE MANAGERS,5949,419031,51221.4
MGR, MGR-EMERGENCY MANAGEMENT DIRECTORS,574,10884,55224.3
MGR," MGR-MISCELLANEOUS MANAGERS, INCLUDING FUNERAL SERVICE MANAGERS AND POSTMASTERS AND MAIL SUPERINTENDENTS",61389,4891371,75380.3
BUS," BUS-AGENTS AND BUSINESS MANAGERS OF ARTISTS, PERFORMERS, AND ATHLETES",470,49751,53023.6
BUS," BUS-BUYERS AND PURCHASING AGENTS, FARM PRODUCTS",188,13486,38954.5
BUS," BUS-WHOLESALE AND RETAIL BUYERS, EXCEPT FARM PRODUCTS",2854,249775,32958.5
BUS," BUS-PURCHASING AGENTS, EXCEPT WHOLESALE, RETAIL, AND FARM PRODUCTS",3679,318615,50216.8
BUS," BUS-CLAIMS ADJUSTERS, APPRAISERS, EXAMINERS, AND INVESTIGATORS",5362,328938,48778.7
BUS, BUS-COMPLIANCE OFFICERS,2571,254845,65333.6
BUS, BUS-COST ESTIMATORS,1869,151140,55117.9
BUS, BUS-HUMAN RESOURCES WORKERS,7763,870993,55374.5
BUS," BUS-COMPENSATION, BENEFITS, AND JOB ANALYSIS SPECIALISTS",693,66555,48994.7
BUS, BUS-TRAINING AND DEVELOPMENT SPECIALISTS,3832,180172,50473
BUS, BUS-LOGISTICIANS,2642,165415,49037.3
BUS, BUS-MANAGEMENT ANALYSTS,9415,975700,68271.6
BUS," BUS-MEETING, CONVENTION, AND EVENT PLANNERS",2288,162896,33410.2
BUS, BUS-FUNDRAISERS,1163,116709,46109.7
BUS, BUS-MARKET RESEARCH ANALYSTS AND MARKETING SPECIALISTS,2856,336478,65364.7
BUS," BUS-BUSINESS OPERATIONS SPECIALISTS, ALL OTHER",2898,338260,62108.6
FIN, FIN-ACCOUNTANTS AND AUDITORS,25488,2210672,59154.5
FIN, FIN-APPRAISERS AND ASSESSORS OF REAL ESTATE,1402,105697,38474.7
FIN, FIN-BUDGET ANALYSTS,423,55125,70053.9
FIN, FIN-CREDIT ANALYSTS,285,31001,63825.5
FIN, FIN-FINANCIAL ANALYSTS,1259,253461,95274.7
FIN, FIN-PERSONAL FINANCIAL ADVISORS,3101,402432,103827.3
FIN, FIN-INSURANCE UNDERWRITERS,1767,122940,62275.8
FIN, FIN-FINANCIAL EXAMINERS,224,14142,86885
FIN, FIN-CREDIT COUNSELORS AND LOAN OFFICERS,2227,344686,64676.6
FIN," FIN-TAX EXAMINERS AND COLLECTORS, AND REVENUE AGENTS",1883,73618,45747.2
FIN, FIN-TAX PREPARERS,3167,159302,28256.1
FIN," FIN-FINANCIAL SPECIALISTS, ALL OTHER",856,60833,79486
CMM, CMM-COMPUTER AND INFORMATION RESEARCH SCIENTISTS,73,22898,73330.2
CMM, CMM-COMPUTER SYSTEMS ANALYSTS,6080,546790,71287.3
CMM, CMM-INFORMATION SECURITY ANALYSTS,794,70833,84797.7
CMM, CMM-COMPUTER PROGRAMMERS,5399,503435,70577.8
CMM," CMM-SOFTWARE DEVELOPERS, APPLICATIONS AND SYSTEMS SOFTWARE",7105,1294936,90582.4
CMM, CMM-WEB DEVELOPERS,1123,220683,45119.8
CMM, CMM-COMPUTER SUPPORT SPECIALISTS,7442,729072,52652.6
CMM, CMM-DATABASE ADMINISTRATORS,1960,127437,70205.2
CMM, CMM-NETWORK AND COMPUTER SYSTEMS ADMINISTRATORS,3232,228805,63270
CMM, CMM-COMPUTER NETWORK ARCHITECTS,603,115664,90643.2
CMM," CMM-COMPUTER OCCUPATIONS, ALL OTHER",8148,646866,64037.4
CMM, CMM-ACTUARIES,0,30414,114220.2
CMM, CMM-OPERATIONS RESEARCH ANALYSTS,1338,157862,72482.1
CMM," CMM-MISCELLANEOUS MATHEMATICAL SCIENCE OCCUPATIONS, INCLUDING MATHEMATICIANS AND STATISTICIANS",20,59085,80275.5
ENG," ENG-ARCHITECTS, EXCEPT NAVAL",1280,197381,70724.6
ENG," ENG-SURVEYORS, CARTOGRAPHERS, AND PHOTOGRAMMETRISTS",738,37958,45992.9
ENG, ENG-AEROSPACE ENGINEERS,1088,134314,91383.4
ENG, ENG-BIOMEDICAL AND AGRICULTURAL ENGINEERS,244,17299,75127.4
ENG, ENG-CHEMICAL ENGINEERS,561,74027,99119.3
ENG, ENG-CIVIL ENGINEERS,3252,355814,75839.1
ENG, ENG-COMPUTER HARDWARE ENGINEERS,522,58075,88170.8
ENG, ENG-ELECTRICAL AND ELECTRONICS ENGINEERS,2114,239822,86267.1
ENG, ENG-ENVIRONMENTAL ENGINEERS,229,34259,70260.9
ENG," ENG-INDUSTRIAL ENGINEERS, INCLUDING HEALTH AND SAFETY",3111,222346,69411.2
ENG, ENG-MARINE ENGINEERS AND NAVAL ARCHITECTS,193,14378,74885
ENG, ENG-MATERIALS ENGINEERS,40,47828,75485.1
ENG, ENG-MECHANICAL ENGINEERS,1973,273713,77139.2
ENG," ENG-PETROLEUM, MINING AND GEOLOGICAL ENGINEERS, INCLUDING MINING SAFETY ENGINEERS",188,55363,123686
ENG," ENG-MISCELLANEOUS ENGINEERS, INCLUDING NUCLEAR ENGINEERS",5338,604033,85450.8
ENG, ENG-DRAFTERS,2291,185923,41117.1
ENG," ENG-ENGINEERING TECHNICIANS, EXCEPT DRAFTERS",7343,430034,46954.4
ENG, ENG-SURVEYING AND MAPPING TECHNICIANS,1088,81511,38761.7
SCI, SCI-AGRICULTURAL AND FOOD SCIENTISTS,22,24936,51445.8
SCI, SCI-BIOLOGICAL SCIENTISTS,616,83015,56433
SCI, SCI-CONSERVATION SCIENTISTS AND FORESTERS,551,22802,50453.5
SCI," SCI-MEDICAL SCIENTISTS, AND LIFE SCIENTISTS, ALL OTHER",779,172442,79850.2
SCI, SCI-ASTRONOMERS AND PHYSICISTS,148,11583,85080.4
SCI, SCI-ATMOSPHERIC AND SPACE SCIENTISTS,0,13702,66926.5
SCI, SCI-CHEMISTS AND MATERIALS SCIENTISTS,298,97203,70466.6
SCI, SCI-ENVIRONMENTAL SCIENTISTS AND GEOSCIENTISTS,521,82861,83476.8
SCI," SCI-PHYSICAL SCIENTISTS, ALL OTHER",923,247025,71301.9
SCI, SCI-ECONOMISTS,122,24846,114670.5
SCI, SCI-PSYCHOLOGISTS,2498,221305,47810.6
SCI, SCI-URBAN AND REGIONAL PLANNERS,387,26087,58818.5
SCI," SCI-MISCELLANEOUS SOCIAL SCIENTISTS, INCLUDING SURVEY RESEARCHERS AND SOCIOLOGISTS",448,47064,43341.5
SCI, SCI-AGRICULTURAL AND FOOD SCIENCE TECHNICIANS,467,44626,40906.4
SCI, SCI-BIOLOGICAL TECHNICIANS,208,26795,45529.1
SCI, SCI-CHEMICAL TECHNICIANS,996,84994,46126.6
SCI," SCI-GEOLOGICAL AND PETROLEUM TECHNICIANS, AND NUCLEAR TECHNICIANS",719,27334,61703.9
SCI," SCI-MISCELLANEOUS LIFE, PHYSICAL, AND SOCIAL SCIENCE TECHNICIANS, INCLUDING SOCIAL SCIENCE RESEARCH ASSISTANTS",1839,297727,28096.2
CMS, CMS-COUNSELORS,12128,962269,33950.1
CMS, CMS-SOCIAL WORKERS,15912,962221,37545.2
CMS, CMS-PROBATION OFFICERS AND CORRECTIONAL TREATMENT SPECIALISTS,823,99438,44453.2
CMS, CMS-SOCIAL AND HUMAN SERVICE ASSISTANTS,3298,225529,29905.9
CMS," CMS-MISCELLANEOUS COMMUNITY AND SOCIAL SERVICE SPECIALISTS, INCLUDING HEALTH EDUCATORS AND COMMUNITY HEALTH WORKERS",2701,113229,35288.4
CMS, CMS-CLERGY,10275,488164,35008.8
CMS," CMS-DIRECTORS, RELIGIOUS ACTIVITIES AND EDUCATION",836,85550,33002.1
CMS," CMS-RELIGIOUS WORKERS, ALL OTHER",1107,93971,21169.3
LGL," LGL-LAWYERS, AND JUDGES, MAGISTRATES, AND OTHER JUDICIAL WORKERS",11126,1230262,119680.5
LGL, LGL-JUDICIAL LAW CLERKS,373,26402,46059.2
LGL, LGL-PARALEGALS AND LEGAL ASSISTANTS,4269,476102,41805.2
LGL, LGL-MISCELLANEOUS LEGAL SUPPORT WORKERS,2403,205274,43907.6
EDU, EDU-POSTSECONDARY TEACHERS,21493,1821909,48287.2
EDU, EDU-PRESCHOOL AND KINDERGARTEN TEACHERS,8877,727507,19187.1
EDU, EDU-ELEMENTARY AND MIDDLE SCHOOL TEACHERS,42458,4245328,39087.1
EDU, EDU-SECONDARY SCHOOL TEACHERS,8086,942046,43177.4
EDU, EDU-SPECIAL EDUCATION TEACHERS,3577,305127,38621.3
EDU, EDU-OTHER TEACHERS AND INSTRUCTORS,16232,1179730,20139.2
EDU," EDU-ARCHIVISTS, CURATORS, AND MUSEUM TECHNICIANS",1009,57323,36674.1
EDU, EDU-LIBRARIANS,3243,212624,34169.4
EDU, EDU-LIBRARY TECHNICIANS,685,65737,15287
EDU, EDU-TEACHER ASSISTANTS,21239,1328343,16272.3
EDU," EDU-OTHER EDUCATION, TRAINING, AND LIBRARY WORKERS",1392,141321,37437.7
ENT, ENT-ARTISTS AND RELATED WORKERS,4608,258040,26401.4
ENT, ENT-DESIGNERS,10647,1025015,39110.8
ENT, ENT-ACTORS,836,79422,23362.7
ENT, ENT-PRODUCERS AND DIRECTORS,1174,179194,63538.6
ENT," ENT-ATHLETES, COACHES, UMPIRES, AND RELATED WORKERS",2549,429269,22002.2
ENT, ENT-DANCERS AND CHOREOGRAPHERS,145,29972,21118.2
ENT," ENT-MUSICIANS, SINGERS, AND RELATED WORKERS",3620,272597,18916.5
ENT," ENT-ENTERTAINERS AND PERFORMERS, SPORTS AND RELATED WORKERS, ALL OTHER",272,58584,17534.8
ENT, ENT-ANNOUNCERS,1791,59896,33629.1
ENT," ENT-NEWS ANALYSTS, REPORTERS AND CORRESPONDENTS",926,90088,49712
ENT, ENT-PUBLIC RELATIONS SPECIALISTS,1314,153580,61582.1
ENT, ENT-EDITORS,2445,223723,42321.9
ENT, ENT-TECHNICAL WRITERS,933,67665,54379
ENT, ENT-WRITERS AND AUTHORS,3277,297666,34839.2
ENT, ENT-MISCELLANEOUS MEDIA AND COMMUNICATION WORKERS,1910,138946,24981.9
ENT," ENT-BROADCAST AND SOUND ENGINEERING TECHNICIANS AND RADIO OPERATORS, AND MEDIA AND COMMUNICATION EQUIPMENT WORKERS, ALL OTHER",1613,127855,39217.6
ENT, ENT-PHOTOGRAPHERS,2831,238531,16869.2
ENT," ENT-TELEVISION, VIDEO, AND MOTION PICTURE CAMERA OPERATORS AND EDITORS",335,78997,35366.2
MED, MED-CHIROPRACTORS,318,58529,55820.3
MED, MED-DENTISTS,1258,178305,124640.9
MED, MED-DIETITIANS AND NUTRITIONISTS,1762,108264,38513.5
MED, MED-OPTOMETRISTS,193,39565,85471.5
MED, MED-PHARMACISTS,2735,333889,86644.6
MED, MED-PHYSICIANS AND SURGEONS,6026,978419,192009.9
MED, MED-PHYSICIAN ASSISTANTS,808,100165,85022
MED, MED-PODIATRISTS,0,8428,116267.1
MED, MED-AUDIOLOGISTS,7,17283,59166.8
MED, MED-OCCUPATIONAL THERAPISTS,1453,115902,53389.5
MED, MED-PHYSICAL THERAPISTS,866,254989,60572.1
MED, MED-RADIATION THERAPISTS,100,18497,64577.8
MED, MED-RECREATIONAL THERAPISTS,0,12247,33030.4
MED, MED-RESPIRATORY THERAPISTS,1631,112890,50166.8
MED, MED-SPEECH-LANGUAGE PATHOLOGISTS,1806,168062,47571.1
MED," MED-OTHER THERAPISTS, INCLUDING EXERCISE PHYSIOLOGISTS",2189,180051,35264.6
MED, MED-VETERINARIANS,426,78926,83180.7
MED, MED-REGISTERED NURSES,38626,3486306,53748.8
MED, MED-NURSE ANESTHETISTS,469,30012,142463.3
MED," MED-NURSE PRACTITIONERS, AND NURSE MIDWIVES",753,142203,85312.5
MED," MED-HEALTH DIAGNOSING AND TREATING PRACTITIONERS, ALL OTHER",108,30551,30935.3
MED, MED-CLINICAL LABORATORY TECHNOLOGISTS AND TECHNICIANS,3629,381940,39443.1
MED, MED-DENTAL HYGIENISTS,1815,198051,44156.4
MED, MED-DIAGNOSTIC RELATED TECHNOLOGISTS AND TECHNICIANS,2788,389092,48135.7
MED, MED-EMERGENCY MEDICAL TECHNICIANS AND PARAMEDICS,2756,230202,38385.9
MED, MED-HEALTH PRACTITIONER SUPPORT TECHNOLOGISTS AND TECHNICIANS,8293,720362,27142.3
MED, MED-LICENSED PRACTICAL AND LICENSED VOCATIONAL NURSES,19578,981726,30436.4
MED, MED-MEDICAL RECORDS AND HEALTH INFORMATION TECHNICIANS,2757,210395,33079.5
MED," MED-OPTICIANS, DISPENSING",738,64967,33525.4
MED, MED-MISCELLANEOUS HEALTH TECHNOLOGISTS AND TECHNICIANS,1815,144989,39907.2
MED, MED-OTHER HEALTHCARE PRACTITIONERS AND TECHNICAL OCCUPATIONS,2075,149817,50273.5
HLS," HLS-NURSING, PSYCHIATRIC, AND HOME HEALTH AIDES",58455,2533964,18920.1
HLS, HLS-OCCUPATIONAL THERAPY ASSISTANTS AND AIDES,142,24832,34523.4
HLS, HLS-PHYSICAL THERAPIST ASSISTANTS AND AIDES,743,101482,30485.1
HLS, HLS-MASSAGE THERAPISTS,3905,202001,14391.2
HLS, HLS-DENTAL ASSISTANTS,3043,362978,25001.7
HLS, HLS-MEDICAL ASSISTANTS,8043,612432,24382.8
HLS, HLS-MEDICAL TRANSCRIPTIONISTS,1416,61310,17057.1
HLS, HLS-PHARMACY AIDES,727,53705,25217.8
HLS, HLS-VETERINARY ASSISTANTS AND LABORATORY ANIMAL CARETAKERS,678,65231,18030.2
HLS, HLS-PHLEBOTOMISTS,2300,142939,23974
HLS," HLS-HEALTHCARE SUPPORT WORKERS, ALL OTHER, INCLUDING MEDICAL EQUIPMENT PREPARERS",2786,195861,22483.7
PRT, PRT-FIRST-LINE SUPERVISORS OF CORRECTIONAL OFFICERS,1266,70714,48857.4
PRT, PRT-FIRST-LINE SUPERVISORS OF POLICE AND DETECTIVES,1127,118672,70324.6
PRT, PRT-FIRST-LINE SUPERVISORS OF FIRE FIGHTING AND PREVENTION WORKERS,401,57697,73292.9
PRT," PRT-FIRST-LINE SUPERVISORS OF PROTECTIVE SERVICE WORKERS, ALL OTHER",986,86920,47391.7
PRT, PRT-FIREFIGHTERS,3091,313434,59252.9
PRT, PRT-FIRE INSPECTORS,0,23948,44571.1
PRT," PRT-BAILIFFS, CORRECTIONAL OFFICERS, AND JAILERS",6334,485470,41157.8
PRT, PRT-DETECTIVES AND CRIMINAL INVESTIGATORS,1383,144670,67384.5
PRT, PRT-MISCELLANEOUS LAW ENFORCEMENT WORKERS,522,15764,32325.5
PRT, PRT-POLICE OFFICERS,6135,806507,58646.6
PRT, PRT-ANIMAL CONTROL WORKERS,157,10997,36285.7
PRT, PRT-PRIVATE DETECTIVES AND INVESTIGATORS,1461,97401,46753.8
PRT, PRT-SECURITY GUARDS AND GAMING SURVEILLANCE OFFICERS,26820,1240820,24968.8
PRT, PRT-CROSSING GUARDS,1866,88972,13731.4
PRT, PRT-TRANSPORTATION SECURITY SCREENERS,1036,37388,39204.6
PRT," PRT-LIFEGUARDS AND OTHER RECREATIONAL, AND ALL OTHER PROTECTIVE SERVICE WORKERS",1939,333259,6427.6
EAT, EAT-CHEFS AND HEAD COOKS,9926,491409,27149.7
EAT, EAT-FIRST-LINE SUPERVISORS OF FOOD PREPARATION AND SERVING WORKERS,12273,640857,22811.1
EAT, EAT-COOKS,65942,3070758,13366.2
EAT, EAT-FOOD PREPARATION WORKERS,27972,1341011,10404.3
EAT, EAT-BARTENDERS,7895,523463,19399.9
EAT," EAT-COMBINED FOOD PREPARATION AND SERVING WORKERS, INCLUDING FAST FOOD",10266,527615,10018.9
EAT," EAT-COUNTER ATTENDANTS, CAFETERIA, FOOD CONCESSION, AND COFFEE SHOP",2616,304973,6527.2
EAT, EAT-WAITERS AND WAITRESSES,31228,2921749,12746.5
EAT," EAT-FOOD SERVERS, NONRESTAURANT",4793,243005,13246.4
EAT," EAT-MISCELLANEOUS FOOD PREPARATION AND SERVING RELATED WORKERS, INCLUDING DINING ROOM AND CAFETERIA ATTENDANTS AND BARTENDER HELPERS",9084,504265,9847.7
EAT, EAT-DISHWASHERS,14869,485336,8654.1
EAT," EAT-HOSTS AND HOSTESSES, RESTAURANT, LOUNGE, AND COFFEE SHOP",4853,443216,6745
CLN, CLN-FIRST-LINE SUPERVISORS OF HOUSEKEEPING AND JANITORIAL WORKERS,5319,268876,28790
CLN," CLN-FIRST-LINE SUPERVISORS OF LANDSCAPING, LAWN SERVICE, AND GROUNDSKEEPING WORKERS",3035,177094,29542
CLN, CLN-JANITORS AND BUILDING CLEANERS,94099,3208584,17568.9
CLN, CLN-MAIDS AND HOUSEKEEPING CLEANERS,53902,2040883,10775.6
CLN, CLN-PEST CONTROL WORKERS,1126,86195,27417
CLN, CLN-GROUNDS MAINTENANCE WORKERS,35900,1813954,13569.4
PRS, PRS-FIRST-LINE SUPERVISORS OF GAMING WORKERS,210,27063,35436.5
PRS, PRS-FIRST-LINE SUPERVISORS OF PERSONAL SERVICE WORKERS,1247,96581,26973.8
PRS, PRS-ANIMAL TRAINERS,178,50365,16746.2
PRS, PRS-NONFARM ANIMAL CARETAKERS,3790,306192,12489.9
PRS, PRS-GAMING SERVICES WORKERS,1857,126812,28523.9
PRS, PRS-MOTION PICTURE PROJECTIONISTS,0,4153,17389
PRS," PRS-USHERS, LOBBY ATTENDANTS, AND TICKET TAKERS",2485,74583,6352.7
PRS, PRS-MISCELLANEOUS ENTERTAINMENT ATTENDANTS AND RELATED WORKERS,5718,331083,9270.1
PRS, PRS-EMBALMERS AND FUNERAL ATTENDANTS,678,21970,18939.8
PRS," PRS-MORTICIANS, UNDERTAKERS, AND FUNERAL DIRECTORS",649,40989,48299.1
PRS, PRS-BARBERS,2881,120138,10629.8
PRS," PRS-HAIRDRESSERS, HAIRSTYLISTS, AND COSMETOLOGISTS",13208,992884,13368
PRS, PRS-MISCELLANEOUS PERSONAL APPEARANCE WORKERS,2558,370686,14964.3
PRS," PRS-BAGGAGE PORTERS, BELLHOPS, AND CONCIERGES",1143,100024,24875.4
PRS, PRS-TOUR AND TRAVEL GUIDES,1030,83388,12870.6
PRS, PRS-CHILDCARE WORKERS,34124,1839427,7865.2
PRS, PRS-PERSONAL CARE AIDES,50558,1753485,13946.7
PRS, PRS-RECREATION AND FITNESS WORKERS,6972,631789,13772
PRS, PRS-RESIDENTIAL ADVISORS,1750,91299,12872.3
PRS," PRS-PERSONAL CARE AND SERVICE WORKERS, ALL OTHER",3553,198520,13360.1
SAL, SAL-FIRST-LINE SUPERVISORS OF RETAIL SALES WORKERS,46548,3508951,38509.7
SAL, SAL-FIRST-LINE SUPERVISORS OF NON-RETAIL SALES WORKERS,17465,1359816,68334.5
SAL, SAL-CASHIERS,87433,4807700,10095.1
SAL, SAL-COUNTER AND RENTAL CLERKS,1257,122938,20067.3
SAL, SAL-PARTS SALESPERSONS,3282,139655,29667.8
SAL, SAL-RETAIL SALESPERSONS,65672,4638060,20557.6
SAL, SAL-ADVERTISING SALES AGENTS,2403,194141,57533.1
SAL, SAL-INSURANCE SALES AGENTS,8450,641370,50462.1
SAL," SAL-SECURITIES, COMMODITIES, AND FINANCIAL SERVICES SALES AGENTS",2448,278755,111362.2
SAL, SAL-TRAVEL AGENTS,1322,91939,26794
SAL," SAL-SALES REPRESENTATIVES, SERVICES, ALL OTHER",7647,767138,64298.8
SAL," SAL-SALES REPRESENTATIVES, WHOLESALE AND MANUFACTURING",15510,1583281,65774
SAL," SAL-MODELS, DEMONSTRATORS, AND PRODUCT PROMOTERS",2758,95429,12711.7
SAL, SAL-REAL ESTATE BROKERS AND SALES AGENTS,12738,982878,40841.4
SAL, SAL-SALES ENGINEERS,104,37946,99899.2
SAL, SAL-TELEMARKETERS,3973,137372,14140.7
SAL," SAL-DOOR-TO-DOOR SALES WORKERS, NEWS AND STREET VENDORS, AND RELATED WORKERS",5720,209626,11074.2
SAL," SAL-SALES AND RELATED WORKERS, ALL OTHER",7678,366706,43468.2
OFF, OFF-FIRST-LINE SUPERVISORS OF OFFICE AND ADMINISTRATIVE SUPPORT WORKERS,23423,1598264,45257.9
OFF," OFF-SWITCHBOARD OPERATORS, INCLUDING ANSWERING SERVICE",859,40443,20552.1
OFF, OFF-TELEPHONE OPERATORS,1920,50528,19189.9
OFF," OFF-COMMUNICATIONS EQUIPMENT OPERATORS, ALL OTHER",231,13799,37864.8
OFF, OFF-BILL AND ACCOUNT COLLECTORS,2962,211222,27540.4
OFF, OFF-BILLING AND POSTING CLERKS,9153,561269,29322.9
OFF," OFF-BOOKKEEPING, ACCOUNTING, AND AUDITING CLERKS",24875,1467341,28069.9
OFF, OFF-GAMING CAGE WORKERS,0,8852,23033.9
OFF, OFF-PAYROLL AND TIMEKEEPING CLERKS,2149,196890,34211.7
OFF, OFF-PROCUREMENT CLERKS,432,36809,48487.3
OFF, OFF-TELLERS,5813,424417,19575
OFF," OFF-FINANCIAL CLERKS, ALL OTHER",877,140935,60405
OFF, OFF-BROKERAGE CLERKS,0,6848,40629
OFF," OFF-COURT, MUNICIPAL, AND LICENSE CLERKS",1279,90949,31407
OFF," OFF-CREDIT AUTHORIZERS, CHECKERS, AND CLERKS",976,58530,37930.3
OFF, OFF-CUSTOMER SERVICE REPRESENTATIVES,51046,3365817,24661.2
OFF," OFF-ELIGIBILITY INTERVIEWERS, GOVERNMENT PROGRAMS",1104,87474,35489.5
OFF, OFF-FILE CLERKS,5766,352666,19208
OFF," OFF-HOTEL, MOTEL, AND RESORT DESK CLERKS",3385,180135,16502.1
OFF," OFF-INTERVIEWERS, EXCEPT ELIGIBILITY AND LOAN",3483,190468,20494.7
OFF," OFF-LIBRARY ASSISTANTS, CLERICAL",2073,138389,12882.7
OFF, OFF-LOAN INTERVIEWERS AND CLERKS,722,135892,37006.9
OFF, OFF-NEW ACCOUNTS CLERKS,0,18283,41781.6
OFF, OFF-CORRESPONDENCE CLERKS AND ORDER CLERKS,2704,179027,24794
OFF," OFF-HUMAN RESOURCES ASSISTANTS, EXCEPT PAYROLL AND TIMEKEEPING",408,63480,30600.1
OFF, OFF-RECEPTIONISTS AND INFORMATION CLERKS,27305,1539337,17712.3
OFF, OFF-RESERVATION AND TRANSPORTATION TICKET AGENTS AND TRAVEL CLERKS,1720,153974,29892.4
OFF," OFF-INFORMATION AND RECORD CLERKS, ALL OTHER",1835,134807,24680.5
OFF, OFF-CARGO AND FREIGHT AGENTS,122,24503,33801
OFF, OFF-COURIERS AND MESSENGERS,4535,274626,25899.9
OFF, OFF-DISPATCHERS,7001,326939,33398.2
OFF," OFF-METER READERS, UTILITIES",107,34420,33777.2
OFF, OFF-POSTAL SERVICE CLERKS,2510,138446,39293.2
OFF, OFF-POSTAL SERVICE MAIL CARRIERS,5051,389365,40097.7
OFF," OFF-POSTAL SERVICE MAIL SORTERS, PROCESSORS, AND PROCESSING MACHINE OPERATORS",2041,87256,35096.8
OFF," OFF-PRODUCTION, PLANNING, AND EXPEDITING CLERKS",3703,370099,40617.4
OFF," OFF-SHIPPING, RECEIVING, AND TRAFFIC CLERKS",10684,743230,24618.7
OFF, OFF-STOCK CLERKS AND ORDER FILLERS,45917,2190084,16927.5
OFF," OFF-WEIGHERS, MEASURERS, CHECKERS, AND SAMPLERS, RECORDKEEPING",1424,98101,29551.5
OFF, OFF-SECRETARIES AND ADMINISTRATIVE ASSISTANTS,56859,4139343,27221.6
OFF, OFF-COMPUTER OPERATORS,1596,114410,34477.2
OFF, OFF-DATA ENTRY KEYERS,8925,465107,22140.5
OFF, OFF-WORD PROCESSORS AND TYPISTS,6680,398919,23093.6
OFF, OFF-INSURANCE CLAIMS AND POLICY PROCESSING CLERKS,6011,451503,33324.4
OFF," OFF-MAIL CLERKS AND MAIL MACHINE OPERATORS, EXCEPT POSTAL SERVICE",1857,111183,18788.1
OFF," OFF-OFFICE CLERKS, GENERAL",23274,1727758,23303.1
OFF," OFF-OFFICE MACHINE OPERATORS, EXCEPT COMPUTER",1470,53224,19081.5
OFF, OFF-PROOFREADERS AND COPY MARKERS,87,17189,17602.7
OFF, OFF-STATISTICAL ASSISTANTS,501,23621,40587.4
OFF," OFF-MISCELLANEOUS OFFICE AND ADMINISTRATIVE SUPPORT WORKERS, INCLUDING DESKTOP PUBLISHERS",11155,760368,32113
FFF," FFF-FIRST-LINE SUPERVISORS OF FARMING, FISHING, AND FORESTRY WORKERS",1663,69256,33432.6
FFF, FFF-AGRICULTURAL INSPECTORS,265,17982,35379.6
FFF," FFF-GRADERS AND SORTERS, AGRICULTURAL PRODUCTS",3979,82399,13854.6
FFF," FFF-MISCELLANEOUS AGRICULTURAL WORKERS, INCLUDING ANIMAL BREEDERS",24865,1189192,15986.2
FFF, FFF-FISHING AND HUNTING WORKERS,929,59985,14973.2
FFF, FFF-FOREST AND CONSERVATION WORKERS,39,18293,23121.5
FFF, FFF-LOGGING WORKERS,1786,81042,19466.4
CON, CON-FIRST-LINE SUPERVISORS OF CONSTRUCTION TRADES AND EXTRACTION WORKERS,13429,880021,52783.6
CON, CON-BOILERMAKERS,377,21664,49115.2
CON," CON-BRICKMASONS, BLOCKMASONS, STONEMASONS, AND",4800,180539,25219.3
CON, CON-CARPENTERS,23970,1521359,23455.5
CON," CON-CARPET, FLOOR, AND TILE INSTALLERS AND FINISHERS",3215,183133,21777
CON," CON-CEMENT MASONS, CONCRETE FINISHERS, AND TERRAZZO WORKERS",1680,71823,28091.5
CON, CON-CONSTRUCTION LABORERS,40679,2343053,22102.1
CON," CON-PAVING, SURFACING, AND TAMPING EQUIPMENT OPERATORS",416,18612,24538.7
CON," CON-CONSTRUCTION EQUIPMENT OPERATORS, EXCEPT PAVING, SURFACING, AND TAMPING EQUIPMENT OPERATORS",6193,421950,39825.9
CON," CON-DRYWALL INSTALLERS, CEILING TILE INSTALLERS, AND TAPERS",3882,186821,22099
CON, CON-ELECTRICIANS,10294,921803,43006.7
CON, CON-GLAZIERS,353,46793,31638.5
CON, CON-INSULATION WORKERS,706,49782,32156.9
CON, CON-PAINTERS AND PAPERHANGERS,15529,748145,18256.5
CON," CON-PIPELAYERS, PLUMBERS, PIPEFITTERS, AND STEAMFITTERS",7339,640959,38238.9
CON, CON-PLASTERERS AND STUCCO MASONS,1030,39946,24722
CON, CON-ROOFERS,5069,283872,20689.5
CON, CON-SHEET METAL WORKERS,1360,154064,35125.5
CON, CON-STRUCTURAL IRON AND STEEL WORKERS,1187,72063,39076.9
CON," CON-HELPERS, CONSTRUCTION TRADES",1452,63989,19973.5
CON, CON-CONSTRUCTION AND BUILDING INSPECTORS,3097,107515,41088.6
CON, CON-ELEVATOR INSTALLERS AND REPAIRERS,0,26913,69744.8
CON, CON-FENCE ERECTORS,166,38809,18108.4
CON, CON-HAZARDOUS MATERIALS REMOVAL WORKERS,885,39848,34216.1
CON, CON-HIGHWAY MAINTENANCE WORKERS,1649,134704,33094.3
CON, CON-RAIL-TRACK LAYING AND MAINTENANCE EQUIPMENT OPERATORS,0,18181,47405
CON," CON-MISCELLANEOUS CONSTRUCTION WORKERS, INCLUDING SOLAR PHOTOVOLTAIC INSTALLERS, SEPTIC TANK SERVICERS AND SEWER PIPE CLEANERS",2219,92433,25986.7
EXT," EXT-DERRICK, ROTARY DRILL, AND SERVICE UNIT OPERATORS, AND ROUSTABOUTS, OIL, GAS, AND MINING",1412,54301,65950.1
EXT," EXT-EARTH DRILLERS, EXCEPT OIL AND GAS",1016,31500,49046.8
EXT," EXT-EXPLOSIVES WORKERS, ORDNANCE HANDLING EXPERTS, AND BLASTERS",206,20353,38461.5
EXT, EXT-MINING MACHINE OPERATORS,2309,74941,57130.6
EXT," EXT-MISCELLANEOUS EXTRACTION WORKERS, INCLUDING ROOF BOLTERS AND HELPERS",1592,92871,49227.5
RPR," RPR-FIRST-LINE SUPERVISORS OF MECHANICS, INSTALLERS, AND REPAIRERS",5298,321255,52409.2
RPR," RPR-COMPUTER, AUTOMATED TELLER, AND OFFICE MACHINE REPAIRERS",5873,243288,34194.2
RPR, RPR-RADIO AND TELECOMMUNICATIONS EQUIPMENT INSTALLERS AND REPAIRERS,3810,196769,42470.2
RPR, RPR-AVIONICS TECHNICIANS,397,29657,39269.7
RPR," RPR-ELECTRIC MOTOR, POWER TOOL, AND RELATED REPAIRERS",123,28581,39027.9
RPR," RPR-ELECTRICAL AND ELECTRONICS REPAIRERS, TRANSPORTATION EQUIPMENT, AND INDUSTRIAL AND UTILITY",152,23776,44561.7
RPR," RPR-ELECTRONIC EQUIPMENT INSTALLERS AND REPAIRERS, MOTOR VEHICLES",35,13385,44532.7
RPR, RPR-ELECTRONIC HOME ENTERTAINMENT EQUIPMENT INSTALLERS AND REPAIRERS,483,48827,32792.7
RPR, RPR-SECURITY AND FIRE ALARM SYSTEMS INSTALLERS,832,65132,38021.2
RPR, RPR-AIRCRAFT MECHANICS AND SERVICE TECHNICIANS,2210,219734,47259.3
RPR, RPR-AUTOMOTIVE BODY AND RELATED REPAIRERS,3222,168403,31754.5
RPR, RPR-AUTOMOTIVE GLASS INSTALLERS AND REPAIRERS,55,21440,26608.1
RPR, RPR-AUTOMOTIVE SERVICE TECHNICIANS AND MECHANICS,16247,973777,29366.4
RPR, RPR-BUS AND TRUCK MECHANICS AND DIESEL ENGINE SPECIALISTS,5884,362061,37156.1
RPR, RPR-HEAVY VEHICLE AND MOBILE EQUIPMENT SERVICE TECHNICIANS AND MECHANICS,5606,237650,43494.3
RPR, RPR-SMALL ENGINE MECHANICS,611,62653,22230.2
RPR," RPR-MISCELLANEOUS VEHICLE AND MOBILE EQUIPMENT MECHANICS, INSTALLERS, AND REPAIRERS",2187,96812,23816.9
RPR, RPR-CONTROL AND VALVE INSTALLERS AND REPAIRERS,226,23873,49057.7
RPR," RPR-HEATING, AIR CONDITIONING, AND REFRIGERATION MECHANICS AND INSTALLERS",8420,423954,36543
RPR, RPR-HOME APPLIANCE REPAIRERS,325,45647,28299.4
RPR, RPR-INDUSTRIAL AND REFRACTORY MACHINERY MECHANICS,9708,460699,43062.7
RPR," RPR-MAINTENANCE AND REPAIR WORKERS, GENERAL",11754,596186,36030.3
RPR," RPR-MAINTENANCE WORKERS, MACHINERY",1718,38235,45266.1
RPR, RPR-MILLWRIGHTS,1113,58158,48518.2
RPR, RPR-ELECTRICAL POWER-LINE INSTALLERS AND REPAIRERS,1159,132534,64071.5
RPR, RPR-TELECOMMUNICATIONS LINE INSTALLERS AND REPAIRERS,2457,178608,42699.2
RPR, RPR-PRECISION INSTRUMENT AND EQUIPMENT REPAIRERS,2348,74703,38440.9
RPR," RPR-COIN, VENDING, AND AMUSEMENT MACHINE SERVICERS AND REPAIRERS",1408,39732,23934.4
RPR, RPR-LOCKSMITHS AND SAFE REPAIRERS,906,28888,29738.8
RPR, RPR-RIGGERS,0,12913,43722.1
RPR," RPR-HELPERS--INSTALLATION, MAINTENANCE, AND REPAIR WORKERS",143,30621,17992.8
RPR," RPR-MISCELLANEOUS INSTALLATION, MAINTENANCE, AND REPAIR",6993,358762,31198.1
RPR, PRD-FIRST-LINE SUPERVISORS OF PRODUCTION AND OPERATING WORKERS,14906,1004327,51431.3
RPR," PRD-AIRCRAFT STRUCTURE, SURFACES, RIGGING, AND SYSTEMS ASSEMBLERS",0,8895,36480.5
RPR," PRD-ELECTRICAL, ELECTRONICS, AND ELECTROMECHANICAL ASSEMBLERS",2553,165795,26666.8
RPR, PRD-ENGINE AND OTHER MACHINE ASSEMBLERS,85,14871,33761.9
RPR, PRD-STRUCTURAL METAL FABRICATORS AND FITTERS,826,35821,32864.3
RPR, PRD-MISCELLANEOUS ASSEMBLERS AND FABRICATORS,23487,1314683,25544.9
RPR, PRD-BAKERS,5674,289728,17604.4
PRD," PRD-BUTCHERS AND OTHER MEAT, POULTRY, AND FISH PROCESSING WORKERS",6959,321872,23338.4
PRD," PRD-FOOD AND TOBACCO ROASTING, BAKING, AND DRYING MACHINE OPERATORS AND TENDERS",719,10737,25917.9
PRD, PRD-FOOD BATCHMAKERS,2549,115681,19183.4
PRD, PRD-FOOD COOKING MACHINE OPERATORS AND TENDERS,171,12205,14819.7
PRD," PRD-FOOD PROCESSING WORKERS, ALL OTHER",2493,156957,27235.6
PRD, PRD-COMPUTER CONTROL PROGRAMMERS AND OPERATORS,1248,105689,39628.5
PRD," PRD-EXTRUDING AND DRAWING MACHINE SETTERS, OPERATORS, AND TENDERS, METAL AND PLASTIC",518,15413,31353.9
PRD," PRD-FORGING MACHINE SETTERS, OPERATORS, AND TENDERS, METAL AND PLASTIC",0,9250,35060.6
PRD," PRD-ROLLING MACHINE SETTERS, OPERATORS, AND TENDERS, METAL AND PLASTIC",392,9340,40947
PRD," PRD-MACHINE TOOL CUTTING SETTERS, OPERATORS, AND TENDERS, METAL AND PLASTIC",5153,179867,27900.9
PRD, PRD-MACHINISTS,6207,405581,39595.1
PRD," PRD-METAL FURNACE OPERATORS, TENDERS, POURERS, AND CASTERS",529,26083,38318.2
PRD," PRD-MODEL MAKERS, PATTERNMAKERS, AND MOLDING MACHINE SETTERS, METAL AND PLASTIC",994,58378,31534.6
PRD, PRD-TOOL AND DIE MAKERS,942,68688,44120.7
PRD," PRD-WELDING, SOLDERING, AND BRAZING WORKERS",15788,747754,34537
PRD," PRD-MISCELLANEOUS METAL WORKERS AND PLASTIC WORKERS, INCLUDING MULTIPLE MACHINE TOOL SETTERS",10563,510139,30137.3
PRD, PRD-PREPRESS TECHNICIANS AND WORKERS,413,30820,25140.6
PRD, PRD-PRINTING PRESS OPERATORS,3401,217336,28513
PRD, PRD-PRINT BINDING AND FINISHING WORKERS,956,26878,23164.4
PRD, PRD-LAUNDRY AND DRY-CLEANING WORKERS,6410,247544,15551.4
PRD," PRD-PRESSERS, TEXTILE, GARMENT, AND RELATED MATERIALS",1482,59062,14146.9
PRD, PRD-SEWING MACHINE OPERATORS,6285,251222,15843.5
PRD, PRD-SHOE AND LEATHER WORKERS,255,16440,15256
PRD," PRD-TAILORS, DRESSMAKERS, AND SEWERS",2905,94781,15136.1
PRD," PRD-TEXTILE BLEACHING AND DYEING, AND CUTTING MACHINE SETTERS, OPERATORS, AND TENDERS",50,13763,20946.1
PRD," PRD-TEXTILE KNITTING AND WEAVING MACHINE SETTERS, OPERATORS, AND TENDERS",181,10755,19473.7
PRD," PRD-TEXTILE WINDING, TWISTING, AND DRAWING OUT MACHINE SETTERS, OPERATORS, AND TENDERS",289,15944,19542.9
PRD, PRD-UPHOLSTERERS,392,40411,19277
PRD," PRD-MISCELLANEOUS TEXTILE, APPAREL, AND FURNISHINGS WORKERS, EXCEPT UPHOLSTERERS",576,22898,23874.2
PRD, PRD-CABINETMAKERS AND BENCH CARPENTERS,770,59381,21784.4
PRD, PRD-FURNITURE FINISHERS,370,17960,18171.7
PRD," PRD-SAWING MACHINE SETTERS, OPERATORS, AND TENDERS, WOOD",933,43498,20248.2
PRD," PRD-WOODWORKING MACHINE SETTERS, OPERATORS, AND TENDERS, EXCEPT SAWING",528,19950,19380.3
PRD," PRD-MISCELLANEOUS WOODWORKERS, INCLUDING MODEL MAKERS AND PATTERNMAKERS",851,40393,20726.2
PRD," PRD-POWER PLANT OPERATORS, DISTRIBUTORS, AND DISPATCHERS",391,55594,78251.6
PRD, PRD-STATIONARY ENGINEERS AND BOILER OPERATORS,1680,113152,51553.3
PRD, PRD-WATER AND WASTEWATER TREATMENT PLANT AND SYSTEM OPERATORS,909,96357,44531.3
PRD, PRD-MISCELLANEOUS PLANT AND SYSTEM OPERATORS,713,53060,56570.7
PRD," PRD-CHEMICAL PROCESSING MACHINE SETTERS, OPERATORS, AND TENDERS",775,62690,44423.5
PRD," PRD-CRUSHING, GRINDING, POLISHING, MIXING, AND BLENDING WORKERS",2725,105954,33804.3
PRD, PRD-CUTTING WORKERS,3569,88430,21464.1
PRD," PRD-EXTRUDING, FORMING, PRESSING, AND COMPACTING MACHINE SETTERS, OPERATORS, AND TENDERS",775,31492,30098.4
PRD," PRD-FURNACE, KILN, OVEN, DRIER, AND KETTLE OPERATORS AND TENDERS",298,16448,32291.8
PRD," PRD-INSPECTORS, TESTERS, SORTERS, SAMPLERS, AND WEIGHERS",15604,983563,34500.9
PRD, PRD-JEWELERS AND PRECIOUS STONE AND METAL WORKERS,681,52955,23325.4
PRD," PRD-MEDICAL, DENTAL, AND OPHTHALMIC LABORATORY TECHNICIANS",785,104935,28805.5
PRD, PRD-PACKAGING AND FILLING MACHINE OPERATORS AND TENDERS,6838,346658,19924.4
PRD, PRD-PAINTING WORKERS,2891,181526,29455.3
PRD, PRD-PHOTOGRAPHIC PROCESS WORKERS AND PROCESSING MACHINE OPERATORS,671,37030,26782.8
PRD, PRD-ADHESIVE BONDING MACHINE OPERATORS AND TENDERS,317,10455,24233
PRD, PRD-ETCHERS AND ENGRAVERS,424,12303,21913.7
PRD," PRD-MOLDERS, SHAPERS, AND CASTERS, EXCEPT METAL AND PLASTIC",405,37285,27755.7
PRD," PRD-PAPER GOODS MACHINE SETTERS, OPERATORS, AND TENDERS",597,29129,28850
PRD, PRD-TIRE BUILDERS,201,16686,38975.5
PRD, PRD-HELPERS-PRODUCTION WORKERS,1611,69509,17984.8
PRD," PRD-MISCELLANEOUS PRODUCTION WORKERS, INCLUDING SEMICONDUCTOR PROCESSORS",32580,1587834,28542.5
TRN, TRN-SUPERVISORS OF TRANSPORTATION AND MATERIAL MOVING WORKERS,3569,250190,44806.9
TRN, TRN-AIRCRAFT PILOTS AND FLIGHT ENGINEERS,668,165827,107038.6
TRN, TRN-AIR TRAFFIC CONTROLLERS AND AIRFIELD OPERATIONS SPECIALISTS,184,50995,74452.2
TRN, TRN-FLIGHT ATTENDANTS,1034,115221,38985.8
TRN," TRN-AMBULANCE DRIVERS AND ATTENDANTS, EXCEPT EMERGENCY MEDICAL TECHNICIANS",179,16735,21931.6
TRN, TRN-BUS DRIVERS,8941,763125,22476.6
TRN, TRN-DRIVER/SALES WORKERS AND TRUCK DRIVERS,64876,4192315,31838
TRN, TRN-TAXI DRIVERS AND CHAUFFEURS,11754,514433,17466.1
TRN," TRN-MOTOR VEHICLE OPERATORS, ALL OTHER",1697,76135,11969.2
TRN, TRN-LOCOMOTIVE ENGINEERS AND OPERATORS,1074,50170,70658.7
TRN, TRN-RAILROAD CONDUCTORS AND YARDMASTERS,717,65392,55472.1
TRN," TRN-SUBWAY, STREETCAR, AND OTHER RAIL TRANSPORTATION WORKERS",410,24177,44642.2
TRN," TRN-SAILORS AND MARINE OILERS, AND SHIP ENGINEERS",734,43971,42117.6
TRN, TRN-SHIP AND BOAT CAPTAINS AND OPERATORS,610,59419,59330.2
TRN, TRN-PARKING LOT ATTENDANTS,1322,110311,16359.6
TRN, TRN-AUTOMOTIVE AND WATERCRAFT SERVICE ATTENDANTS,2834,124626,15233.8
TRN, TRN-TRANSPORTATION INSPECTORS,1941,52596,47222.3
TRN," TRN-TRANSPORTATION ATTENDANTS, EXCEPT FLIGHT ATTENDANTS",991,43301,19798.1
TRN," TRN-MISCELLANEOUS TRANSPORTATION WORKERS, INCLUDING BRIDGE AND LOCK TENDERS AND TRAFFIC TECHNICIANS",573,37347,36233.3
TRN, TRN-CRANE AND TOWER OPERATORS,1121,68749,54529.5
TRN," TRN-DREDGE, EXCAVATING, AND LOADING MACHINE OPERATORS",1417,42286,29435.3
TRN," TRN-CONVEYOR OPERATORS AND TENDERS, AND HOIST AND WINCH OPERATORS",85,17279,36807.8
TRN, TRN-INDUSTRIAL TRUCK AND TRACTOR OPERATORS,12504,693807,27009.2
TRN, TRN-CLEANERS OF VEHICLES AND EQUIPMENT,12681,488849,15399.6
TRN," TRN-LABORERS AND FREIGHT, STOCK, AND MATERIAL MOVERS, HAND",61097,3013421,19586.6
TRN, TRN-MACHINE FEEDERS AND OFFBEARERS,245,39022,17685.7
TRN," TRN-PACKERS AND PACKAGERS, HAND",17070,683538,15303.1
TRN, TRN-PUMPING STATION OPERATORS,1016,32729,46409.8
TRN, TRN-REFUSE AND RECYCLABLE MATERIAL COLLECTORS,3536,131558,20268.5
TRN," TRN-MISCELLANEOUS MATERIAL MOVING WORKERS, INCLUDING MINE SHUTTLE CAR OPERATORS, AND TANK CAR, TRUCK, AND SHIP LOADERS",2524,72086,30598.8
MIL, MIL-MILITARY OFFICER SPECIAL AND TACTICAL OPERATIONS LEADERS,179,48915,58631.2
MIL, MIL-FIRST-LINE ENLISTED MILITARY SUPERVISORS,2035,108983,51594.2
MIL, MIL-MILITARY ENLISTED TACTICAL OPERATIONS AND AIR/WEAPONS SPECIALISTS AND CREW MEMBERS,836,170683,24305.7
MIL," MIL-MILITARY, RANK NOT SPECIFIED",2746,272231,40756.4
NA," UNEMPLOYED AND LAST WORKED 5 YEARS AGO OR EARLIER OR NEVER WORKED",55055,2078819,0