 , ,Total SCHL,N/A (less than 3 years old),No schooling completed,"Nursery school, preschool",Kindergarten,Grade 1,Grade 2,Grade 3,Grade 4,Grade 5,Grade 6,Grade 7,Grade 8,Grade 9,Grade 10,Grade 11,12th grade - no diploma,Regular high school diploma,GED or alternative credential,"Some college, but less than 1 year","1 or more years of college credit, no degree",Associate's degree,Bachelor's degree,Master's degree,Professional degree beyond a bachelor's degree,Doctorate degree,Less Than High School,High School,Some College,Bachelor Degree,"Master, PhD, or Professional Degree"
    Total OCCP, ,321418821,11674354,11016432,4936379,4308415,4274923,4599128,4803666,4605264,4890536,6874500,5144229,7342039,7954195,8516158,9553558,4663554,59830731,9588716,16751508,41064945,19425770,44213700,18053346,4345615,2987160,105157330,69419447,77242223,44213700,25386121
    N/A (less than 16 years old/NILF who last worked more than 5 years ago or never worked), ,131982067,11674354,9378960,4910759,4284021,4199894,4436406,4479754,4367632,4525883,5199219,4651316,5932477,5506950,4975782,4489582,1717985,18261939,2888049,3872492,8542391,3145539,6704729,2835304,558172,442478,84730974,21149988,15560422,6704729,3835954
    MGR-CHIEF EXECUTIVES AND LEGISLATORS, ,1392778,0,2680,119,97,144,0,221,0,504,1106,55,1302,1142,2791,5672,6355,114878,13703,53496,158344,71933,548341,304188,57067,48640,22188,128581,283773,548341,409895
    MGR-GENERAL AND OPERATIONS MANAGERS, ,1015250,0,2238,0,103,0,62,0,37,184,458,406,1661,3014,3808,8715,5793,156470,25234,71059,188086,96189,327666,108528,8038,7501,26479,181704,355334,327666,124067
    MGR-ADVERTISING AND PROMOTIONS MANAGERS, ,52236,0,0,0,0,0,0,0,0,0,0,0,0,102,12,279,3,2630,138,1821,4608,2712,31588,7040,1303,0,396,2768,9141,31588,8343
    MGR-MARKETING AND SALES MANAGERS, ,1060182,0,1280,0,0,0,0,0,67,0,749,94,162,1303,2225,3491,5117,72117,11041,37518,132969,72063,526195,176599,9706,7486,14488,83158,242550,526195,193791
    MGR-PUBLIC RELATIONS AND FUNDRAISING MANAGERS, ,68850,0,0,0,0,0,0,0,0,75,0,0,127,0,0,0,70,1228,0,1291,5077,2415,41143,15157,1306,961,272,1228,8783,41143,17424
    MGR-ADMINISTRATIVE SERVICES MANAGERS, ,174644,0,272,0,0,0,0,0,0,0,0,0,80,0,553,1116,1196,27901,5063,14013,36635,18815,48245,17564,1924,1267,3217,32964,69463,48245,20755
    MGR-COMPUTER AND INFORMATION SYSTEMS MANAGERS, ,641839,0,888,0,0,27,0,0,114,0,459,0,516,172,256,884,492,24719,3501,24252,72910,51005,292879,151223,7454,10088,3808,28220,148167,292879,168765
    MGR-FINANCIAL MANAGERS, ,1330439,0,1656,0,0,0,0,0,134,120,958,147,523,2037,3636,3681,4484,127706,14766,67763,184605,104376,525923,253089,25913,8922,17376,142472,356744,525923,287924
    MGR-COMPENSATION AND BENEFITS MANAGERS, ,22000,0,0,0,0,0,0,0,0,0,0,0,0,0,72,0,0,1803,55,1109,3511,1665,8740,4839,206,0,72,1858,6285,8740,5045
    MGR-HUMAN RESOURCES MANAGERS, ,468482,0,2954,0,0,0,0,191,0,0,409,155,1333,1467,1241,1289,2151,50934,7343,26885,62172,38759,169465,88941,8604,4189,11190,58277,127816,169465,101734
    MGR-TRAINING AND DEVELOPMENT MANAGERS, ,78217,0,49,0,0,0,0,0,0,0,42,0,0,0,561,423,279,4765,2508,2550,11259,7948,26771,17536,885,2641,1354,7273,21757,26771,21062
    MGR-INDUSTRIAL PRODUCTION MANAGERS, ,276723,0,1446,0,0,0,37,250,67,0,328,35,2430,2214,2082,2233,1910,50634,8002,16779,44481,22789,83031,34606,1563,1806,13032,58636,84049,83031,37975
    MGR-PURCHASING MANAGERS, ,230361,0,294,0,0,0,43,0,0,0,131,0,161,167,709,251,412,24533,4034,14557,30514,16591,91051,41356,4764,793,2168,28567,61662,91051,46913
"    MGR-TRANSPORTATION, STORAGE, AND DISTRIBUTION MANAGERS", ,276245,0,1056,0,0,166,0,0,0,0,664,130,1255,1669,2659,3038,4529,75928,10145,25240,57906,19815,56526,14468,565,486,15166,86073,102961,56526,15519
"    MGR-FARMERS, RANCHERS, AND OTHER AGRICULTURAL MANAGERS", ,735522,0,6719,0,33,19,455,1226,467,1748,4049,2858,24767,11378,10301,11895,9952,248733,18639,45424,105590,65047,135000,24044,4061,3117,85867,267372,216061,135000,31222
    MGR-CONSTRUCTION MANAGERS, ,692452,0,3353,0,0,0,551,545,195,111,4194,1689,5202,4996,6476,11687,9078,152522,23021,46081,132636,56729,190723,36831,5006,826,48077,175543,235446,190723,42663
    MGR-EDUCATION ADMINISTRATORS, ,1051924,0,1328,0,61,157,0,81,0,562,533,613,624,754,1889,1382,3289,50215,8388,24593,70961,50703,250003,441975,49208,94605,11273,58603,146257,250003,585788
    MGR-ARCHITECTURAL AND ENGINEERING MANAGERS, ,173307,0,625,0,0,110,0,0,0,0,0,0,67,25,358,113,314,6275,322,4144,8772,7473,79207,55596,3335,6571,1612,6597,20389,79207,65502
    MGR-FOOD SERVICE MANAGERS, ,1140512,0,8738,147,0,105,984,887,1690,907,7304,3344,9027,11381,17448,26957,19738,293916,46445,81977,250221,105576,211000,36280,3909,2531,108657,340361,437774,211000,42720
    MGR-GAMING MANAGERS, ,21642,0,0,0,0,0,0,0,0,0,0,0,130,103,72,81,592,4593,874,2630,4745,1802,4201,1582,0,237,978,5467,9177,4201,1819
    MGR-LODGING MANAGERS, ,170580,0,527,0,0,0,0,44,0,0,655,37,652,332,341,1409,1013,28052,5446,10253,37726,17411,53083,11686,1214,699,5010,33498,65390,53083,13599
    MGR-MEDICAL AND HEALTH SERVICES MANAGERS, ,746339,0,1404,54,113,0,0,79,0,162,118,412,75,464,2177,2565,3408,55141,7714,32718,90907,86677,232697,169197,35194,25063,11031,62855,210302,232697,229454
    MGR-NATURAL SCIENCES MANAGERS, ,23849,0,48,0,0,0,0,0,0,0,0,0,0,0,0,0,243,498,0,120,903,875,8473,7222,580,4887,291,498,1898,8473,12689
"    MGR-PROPERTY, REAL ESTATE, AND COMMUNITY ASSOCIATION MANAGERS", ,709163,0,3545,66,754,231,124,640,177,837,1380,677,2639,2716,4379,7313,5267,113224,19063,51967,140441,61538,210976,65026,11987,4196,30745,132287,253946,210976,81209
    MGR-SOCIAL AND COMMUNITY SERVICE MANAGERS, ,424980,0,422,0,0,119,0,111,101,0,120,0,1051,768,523,1418,735,28211,6030,17371,48790,24546,159403,113944,12184,9133,5368,34241,90707,159403,135261
    MGR-EMERGENCY MANAGEMENT DIRECTORS, ,11458,0,0,0,0,0,0,0,0,0,0,0,0,0,0,0,0,385,189,775,1896,2646,3767,1617,183,0,0,574,5317,3767,1800
"    MGR-MISCELLANEOUS MANAGERS, INCLUDING FUNERAL SERVICE MANAGERS AND POSTMASTERS AND MAIL SUPERINTENDENTS", ,4952760,0,17311,139,113,0,301,829,1383,2829,8178,4302,13704,20685,21415,29514,29467,632908,91610,252495,723457,370724,1722260,834923,79628,94585,150170,724518,1346676,1722260,1009136
"    BUS-AGENTS AND BUSINESS MANAGERS OF ARTISTS, PERFORMERS, AND ATHLETES", ,50221,0,47,0,0,0,0,0,338,0,189,0,0,224,281,638,829,5442,644,2432,9694,3805,18683,4846,367,1762,2546,6086,15931,18683,6975
"    BUS-BUYERS AND PURCHASING AGENTS, FARM PRODUCTS", ,13674,0,0,0,0,0,0,0,0,0,807,0,180,90,425,509,23,5025,76,781,1999,955,2478,131,195,0,2034,5101,3735,2478,326
"    BUS-WHOLESALE AND RETAIL BUYERS, EXCEPT FARM PRODUCTS", ,252629,0,697,0,81,0,0,166,0,638,257,183,391,975,3145,2515,2899,55753,6473,19158,47637,23199,78103,9331,937,91,11947,62226,89994,78103,10359
"    BUS-PURCHASING AGENTS, EXCEPT WHOLESALE, RETAIL, AND FARM PRODUCTS", ,322294,0,861,69,0,117,0,103,0,0,361,129,755,422,1355,1169,1737,47418,5067,25037,58722,35991,112817,26138,2879,1147,7078,52485,119750,112817,30164
"    BUS-CLAIMS ADJUSTERS, APPRAISERS, EXAMINERS, AND INVESTIGATORS", ,334300,0,647,0,0,0,0,0,76,0,0,46,264,330,684,1371,1601,51261,5517,21793,58528,30379,130488,25189,5321,805,5019,56778,110700,130488,31315
    BUS-COMPLIANCE OFFICERS, ,257416,0,237,0,0,0,0,116,0,77,232,0,33,599,165,303,1081,21242,2503,13727,35915,21963,99555,40602,13250,5816,2843,23745,71605,99555,59668
    BUS-COST ESTIMATORS, ,153009,0,727,0,0,0,71,0,0,188,0,0,210,584,268,708,1156,29744,4628,12998,31237,17449,45352,6987,561,141,3912,34372,61684,45352,7689
    BUS-HUMAN RESOURCES WORKERS, ,878756,0,1204,379,0,180,0,71,423,1025,571,410,526,2010,1659,3739,3873,84876,10630,48419,134961,70434,372205,122898,11810,6453,16070,95506,253814,372205,141161
"    BUS-COMPENSATION, BENEFITS, AND JOB ANALYSIS SPECIALISTS", ,67248,0,80,0,0,0,0,0,0,0,0,0,0,0,0,381,0,7248,827,4861,10785,7337,27494,7604,386,245,461,8075,22983,27494,8235
    BUS-TRAINING AND DEVELOPMENT SPECIALISTS, ,184004,0,540,0,0,0,0,0,0,0,138,0,751,396,726,1079,648,18275,2631,12839,30385,20200,61156,31231,1494,1515,4278,20906,63424,61156,34240
    BUS-LOGISTICIANS, ,168057,0,356,67,0,0,0,0,0,0,0,355,69,139,53,585,973,19980,3270,12840,35181,21209,56400,15028,1459,93,2597,23250,69230,56400,16580
    BUS-MANAGEMENT ANALYSTS, ,985115,0,2464,107,117,370,119,0,33,413,215,325,662,659,848,1681,2515,45340,7546,31799,90531,46175,411178,271214,29979,40825,10528,52886,168505,411178,342018
"    BUS-MEETING, CONVENTION, AND EVENT PLANNERS", ,165184,0,378,0,0,211,0,0,0,0,186,0,23,751,441,1284,677,19579,2571,7604,29809,11656,73017,15585,723,689,3951,22150,49069,73017,16997
    BUS-FUNDRAISERS, ,117872,0,341,0,0,0,0,0,0,0,123,0,66,72,211,490,481,4887,1364,4472,14795,3789,56147,26112,3202,1320,1784,6251,23056,56147,30634
    BUS-MARKET RESEARCH ANALYSTS AND MARKETING SPECIALISTS, ,339334,0,682,0,0,0,0,0,111,0,87,0,134,204,892,504,814,13592,3712,8939,34622,15232,174506,74823,3780,6700,3428,17304,58793,174506,85303
"    BUS-BUSINESS OPERATIONS SPECIALISTS, ALL OTHER", ,341158,0,1229,76,0,147,73,343,0,0,62,0,221,199,1508,1865,1816,32122,3293,16519,39884,28463,135386,61740,8341,7871,7539,35415,84866,135386,77952
    FIN-ACCOUNTANTS AND AUDITORS, ,2236160,0,0,0,0,0,0,0,0,0,0,0,0,0,0,0,0,89053,14486,52203,150445,212352,1228409,427688,52945,8579,0,103539,415000,1228409,489212
    FIN-APPRAISERS AND ASSESSORS OF REAL ESTATE, ,107099,0,134,0,0,0,0,0,0,0,0,0,292,0,0,850,92,12591,1387,8607,18769,9144,44025,8768,1609,831,1368,13978,36520,44025,11208
    FIN-BUDGET ANALYSTS, ,55548,0,183,0,0,0,0,0,0,38,0,0,0,0,0,0,0,3342,533,3422,4243,3809,23345,14155,726,1752,221,3875,11474,23345,16633
    FIN-CREDIT ANALYSTS, ,31286,0,0,0,0,0,0,0,0,0,0,0,0,0,0,0,0,2879,138,1386,4854,2794,13736,5228,129,142,0,3017,9034,13736,5499
    FIN-FINANCIAL ANALYSTS, ,254720,0,456,0,0,0,0,0,207,0,188,0,80,0,0,125,402,5179,752,3831,15780,7674,135245,76360,5397,3044,1458,5931,27285,135245,84801
    FIN-PERSONAL FINANCIAL ADVISORS, ,405533,0,514,0,0,0,0,0,0,0,0,0,308,0,594,60,554,16196,1361,8976,39650,17559,209734,88700,16910,4417,2030,17557,66185,209734,110027
    FIN-INSURANCE UNDERWRITERS, ,124707,0,0,0,91,0,0,0,0,0,0,76,80,310,34,133,84,16068,1316,8742,13659,11652,59442,10286,1635,1099,808,17384,34053,59442,13020
    FIN-FINANCIAL EXAMINERS, ,14366,0,0,0,0,0,0,0,0,0,0,0,0,0,66,0,0,550,0,276,428,1193,7685,3939,105,124,66,550,1897,7685,4168
    FIN-CREDIT COUNSELORS AND LOAN OFFICERS, ,346913,0,380,0,0,0,0,0,0,173,368,0,58,376,206,914,1769,46599,5803,20124,66764,33158,135993,29699,3957,572,4244,52402,120046,135993,34228
"    FIN-TAX EXAMINERS AND COLLECTORS, AND REVENUE AGENTS", ,75501,0,0,0,0,0,0,0,156,0,0,0,65,33,92,461,758,12520,873,5617,15373,7159,24004,7096,1155,139,1565,13393,28149,24004,8390
    FIN-TAX PREPARERS, ,162469,0,381,0,0,0,0,0,0,0,310,0,583,837,11,675,918,19372,3186,11843,29934,14595,52364,19703,6745,1012,3715,22558,56372,52364,27460
"    FIN-FINANCIAL SPECIALISTS, ALL OTHER", ,61689,0,0,0,0,0,0,0,0,0,0,177,213,59,86,239,285,5038,1471,3498,7686,5280,24896,11144,966,651,1059,6509,16464,24896,12761
    CMM-COMPUTER AND INFORMATION RESEARCH SCIENTISTS, ,22971,0,0,0,0,0,0,0,0,0,0,0,47,0,0,34,0,1124,0,159,818,124,8955,7484,206,4020,81,1124,1101,8955,11710
    CMM-COMPUTER SYSTEMS ANALYSTS, ,552870,0,709,0,0,0,0,180,0,0,0,0,153,176,691,624,950,25798,4296,19495,61129,43370,254090,125296,6495,9418,3483,30094,123994,254090,141209
    CMM-INFORMATION SECURITY ANALYSTS, ,71627,0,176,0,0,0,0,0,0,0,0,0,118,0,0,0,162,3881,359,2783,10379,6600,31719,14316,577,557,456,4240,19762,31719,15450
    CMM-COMPUTER PROGRAMMERS, ,508834,0,529,0,0,0,0,332,67,0,83,0,345,730,935,1352,885,23097,2948,18276,64725,41893,249067,92457,2842,8271,5258,26045,124894,249067,103570
"    CMM-SOFTWARE DEVELOPERS, APPLICATIONS AND SYSTEMS SOFTWARE", ,1302041,0,1171,0,99,0,0,0,91,0,14,0,789,255,450,2108,1842,25718,6953,24855,103363,65424,648042,375114,10567,35186,6819,32671,193642,648042,420867
    CMM-WEB DEVELOPERS, ,221806,0,329,0,0,0,0,0,0,0,0,0,152,302,488,886,509,12330,1629,7338,32425,21491,113029,28306,2024,568,2666,13959,61254,113029,30898
    CMM-COMPUTER SUPPORT SPECIALISTS, ,736514,0,844,59,66,0,0,0,12,59,116,417,398,322,1733,2981,1452,63413,9741,52510,154221,110960,256260,72820,4122,4008,8459,73154,317691,256260,80950
    CMM-DATABASE ADMINISTRATORS, ,129397,0,0,0,0,0,0,0,0,0,0,0,221,0,316,300,287,7030,1431,3794,12065,11079,59653,28415,1730,3076,1124,8461,26938,59653,33221
    CMM-NETWORK AND COMPUTER SYSTEMS ADMINISTRATORS, ,232037,0,503,0,0,73,0,0,0,0,0,0,0,202,414,456,440,14768,3270,15890,41750,35061,90241,26405,1657,907,2088,18038,92701,90241,28969
    CMM-COMPUTER NETWORK ARCHITECTS, ,116267,0,0,0,0,0,0,0,0,0,0,0,500,196,0,96,136,6870,868,5791,22217,13218,44662,19776,240,1697,928,7738,41226,44662,21713
"    CMM-COMPUTER OCCUPATIONS, ALL OTHER", ,655014,0,991,0,0,0,0,0,0,38,87,0,392,1325,1560,2675,2829,47159,9034,34559,122041,92664,239584,91708,4251,4117,9897,56193,249264,239584,100076
    CMM-ACTUARIES, ,30414,0,0,0,0,0,0,0,0,0,0,0,0,0,0,0,0,0,0,0,300,389,19063,7544,2109,1009,0,0,689,19063,10662
    CMM-OPERATIONS RESEARCH ANALYSTS, ,159200,0,183,0,0,0,0,0,0,0,0,0,179,170,208,495,56,10325,829,7537,17212,11330,61242,42786,1994,4654,1291,11154,36079,61242,49434
"    CMM-MISCELLANEOUS MATHEMATICAL SCIENCE OCCUPATIONS, INCLUDING MATHEMATICIANS AND STATISTICIANS", ,59105,0,0,0,0,0,0,0,0,0,0,0,0,0,0,0,0,0,0,954,2510,1799,19306,21239,1794,11503,0,0,5263,19306,34536
"    ENG-ARCHITECTS, EXCEPT NAVAL", ,198661,0,0,0,0,0,0,0,0,0,111,0,0,300,144,23,131,3333,570,1823,10337,6604,95817,65191,13189,1088,709,3903,18764,95817,79468
"    ENG-SURVEYORS, CARTOGRAPHERS, AND PHOTOGRAMMETRISTS", ,38696,0,0,0,0,0,0,0,0,0,0,0,0,68,0,72,0,1270,0,1560,4304,3353,22179,4788,682,420,140,1270,9217,22179,5890
    ENG-AEROSPACE ENGINEERS, ,135402,0,154,0,0,0,0,0,0,0,0,0,0,78,244,617,209,3452,186,1469,10322,6402,64618,41501,902,5248,1302,3638,18193,64618,47651
    ENG-BIOMEDICAL AND AGRICULTURAL ENGINEERS, ,17543,0,0,0,0,0,0,0,0,0,0,0,0,0,0,0,0,572,253,248,820,3055,6641,4626,127,1201,0,825,4123,6641,5954
    ENG-CHEMICAL ENGINEERS, ,74588,0,0,0,0,0,0,0,0,0,0,0,41,0,351,67,0,2406,554,889,4032,2449,40793,16939,780,5287,459,2960,7370,40793,23006
    ENG-CIVIL ENGINEERS, ,359066,0,445,0,0,0,0,0,249,33,0,80,248,487,429,583,490,12464,2643,6338,20436,19580,192846,87848,5207,8660,3044,15107,46354,192846,101715
    ENG-COMPUTER HARDWARE ENGINEERS, ,58597,0,0,0,0,0,0,0,0,0,0,0,0,0,129,0,0,2185,724,1034,5089,5356,25913,15590,389,2188,129,2909,11479,25913,18167
    ENG-ELECTRICAL AND ELECTRONICS ENGINEERS, ,241936,0,185,0,0,0,0,0,202,0,113,0,0,78,110,518,403,7119,1718,4745,18857,20356,119239,54107,3246,10940,1609,8837,43958,119239,68293
    ENG-ENVIRONMENTAL ENGINEERS, ,34488,0,0,0,0,0,0,0,0,0,0,0,0,127,0,95,0,1736,793,659,1956,1600,15171,10689,443,1219,222,2529,4215,15171,12351
"    ENG-INDUSTRIAL ENGINEERS, INCLUDING HEALTH AND SAFETY", ,225457,0,568,0,0,0,0,0,0,0,0,522,15,52,321,0,939,15576,1579,8340,25943,21241,108795,36425,2820,2321,2417,17155,55524,108795,41566
    ENG-MARINE ENGINEERS AND NAVAL ARCHITECTS, ,14571,0,0,0,0,0,0,0,0,0,0,0,0,301,0,0,181,1171,324,270,785,1141,6812,3094,267,225,482,1495,2196,6812,3586
    ENG-MATERIALS ENGINEERS, ,47868,0,70,0,0,0,0,0,0,0,0,0,0,0,0,132,72,3162,139,1748,4564,3390,23362,8388,289,2552,274,3301,9702,23362,11229
    ENG-MECHANICAL ENGINEERS, ,275686,0,279,0,0,0,0,0,0,78,11,327,110,59,304,218,192,9854,1772,7748,24466,23869,140473,56099,2717,7110,1578,11626,56083,140473,65926
"    ENG-PETROLEUM, MINING AND GEOLOGICAL ENGINEERS, INCLUDING MINING SAFETY ENGINEERS", ,55551,0,0,0,0,0,0,0,0,0,0,0,0,0,85,235,0,2498,572,1214,3890,1947,31743,11815,127,1425,320,3070,7051,31743,13367
"    ENG-MISCELLANEOUS ENGINEERS, INCLUDING NUCLEAR ENGINEERS", ,609371,0,759,0,0,0,0,0,175,58,0,117,129,237,358,475,369,13317,3202,10340,45013,39830,300286,152473,7727,34506,2677,16519,95183,300286,194706
    ENG-DRAFTERS, ,188214,0,0,0,0,0,0,0,0,0,197,70,132,409,171,632,896,20912,1851,13412,43791,56699,39876,7703,1248,215,2507,22763,113902,39876,9166
"    ENG-ENGINEERING TECHNICIANS, EXCEPT DRAFTERS", ,437377,0,1469,0,0,380,0,130,67,0,768,402,899,2180,2478,6118,4000,84152,9883,39702,112614,89079,68905,11659,916,1576,18891,94035,241395,68905,14151
    ENG-SURVEYING AND MAPPING TECHNICIANS, ,82599,0,315,0,0,0,0,0,0,132,0,0,110,1589,1966,2381,796,17796,4225,8903,23655,15650,4683,208,46,144,7289,22021,48208,4683,398
    SCI-AGRICULTURAL AND FOOD SCIENTISTS, ,24958,0,0,0,0,0,0,0,0,0,0,0,0,0,0,0,0,0,0,0,0,0,14177,7521,497,2763,0,0,0,14177,10781
    SCI-BIOLOGICAL SCIENTISTS, ,83631,0,0,0,0,0,0,0,0,0,0,0,0,0,0,0,0,0,0,0,0,0,42547,25598,2646,12840,0,0,0,42547,41084
    SCI-CONSERVATION SCIENTISTS AND FORESTERS, ,23353,0,0,0,0,0,0,0,0,0,0,0,0,0,0,0,0,0,0,0,0,0,18027,4304,440,582,0,0,0,18027,5326
"    SCI-MEDICAL SCIENTISTS, AND LIFE SCIENTISTS, ALL OTHER", ,173221,0,335,0,0,0,0,0,71,0,0,0,244,0,170,132,31,1066,180,102,354,1070,36583,42295,16717,73871,983,1246,1526,36583,132883
    SCI-ASTRONOMERS AND PHYSICISTS, ,11731,0,0,0,0,0,0,0,0,0,0,0,0,0,0,0,0,0,0,0,0,0,2137,3265,445,5884,0,0,0,2137,9594
    SCI-ATMOSPHERIC AND SPACE SCIENTISTS, ,13702,0,0,0,0,0,0,0,0,0,0,0,0,0,0,0,0,1063,0,510,1145,1006,5226,2842,40,1870,0,1063,2661,5226,4752
    SCI-CHEMISTS AND MATERIALS SCIENTISTS, ,97501,0,70,0,0,0,0,0,0,0,0,233,0,0,81,0,0,1342,689,415,2413,1386,53538,21249,1605,14480,384,2031,4214,53538,37334
    SCI-ENVIRONMENTAL SCIENTISTS AND GEOSCIENTISTS, ,83382,0,0,0,0,0,0,0,0,0,0,0,0,0,0,0,0,0,0,0,0,0,44616,28597,2787,7382,0,0,0,44616,38766
"    SCI-PHYSICAL SCIENTISTS, ALL OTHER", ,247948,0,0,0,0,0,0,0,0,0,0,0,0,0,0,0,0,0,0,0,0,0,74649,58144,8034,107121,0,0,0,74649,173299
    SCI-ECONOMISTS, ,24968,0,0,0,0,0,0,0,0,0,0,0,0,0,0,0,0,0,0,0,0,0,6138,11525,911,6394,0,0,0,6138,18830
    SCI-PSYCHOLOGISTS, ,223803,0,0,0,0,0,0,0,0,0,0,0,0,0,0,0,0,0,0,0,0,0,16650,91460,22067,93626,0,0,0,16650,207153
    SCI-URBAN AND REGIONAL PLANNERS, ,26474,0,81,0,0,0,0,0,0,0,0,0,0,67,0,228,0,308,140,465,1409,450,11339,10877,519,591,376,448,2324,11339,11987
"    SCI-MISCELLANEOUS SOCIAL SCIENTISTS, INCLUDING SURVEY RESEARCHERS AND SOCIOLOGISTS", ,47512,0,38,0,0,0,0,0,0,0,0,0,0,0,59,77,0,1273,32,1100,3346,1127,18133,16965,933,4429,174,1305,5573,18133,22327
    SCI-AGRICULTURAL AND FOOD SCIENCE TECHNICIANS, ,45093,0,251,0,0,0,0,0,176,0,430,822,589,458,903,816,253,8130,416,2782,11021,6320,9940,1391,78,317,4698,8546,20123,9940,1786
    SCI-BIOLOGICAL TECHNICIANS, ,27003,0,142,0,0,0,0,0,0,0,0,0,185,612,87,91,382,3223,1037,2158,4610,3747,7615,2065,485,564,1499,4260,10515,7615,3114
    SCI-CHEMICAL TECHNICIANS, ,85990,0,170,0,0,0,0,0,0,180,201,169,545,258,416,947,677,15305,2335,7915,15433,11518,22842,4206,171,2702,3563,17640,34866,22842,7079
"    SCI-GEOLOGICAL AND PETROLEUM TECHNICIANS, AND NUCLEAR TECHNICIANS", ,28053,0,0,0,0,0,0,0,0,0,0,0,29,371,68,48,108,6255,892,3279,4706,3546,6787,1370,90,504,624,7147,11531,6787,1964
"    SCI-MISCELLANEOUS LIFE, PHYSICAL, AND SOCIAL SCIENCE TECHNICIANS, INCLUDING SOCIAL SCIENCE RESEARCH ASSISTANTS", ,299566,0,1361,0,0,0,0,78,0,109,471,588,215,1053,2563,3439,2520,38158,4408,14693,77030,28458,92591,23862,2245,5724,12397,42566,120181,92591,31831
    CMS-COUNSELORS, ,974397,0,1478,0,65,0,0,0,0,567,960,190,795,2192,6266,10264,3006,51551,12081,26956,92644,52180,249656,416915,21513,25118,25783,63632,171780,249656,463546
    CMS-SOCIAL WORKERS, ,978133,0,1930,0,148,0,0,0,172,345,268,509,743,626,2836,4879,2760,52237,11705,23328,80274,57824,402657,316732,10818,7342,15216,63942,161426,402657,334892
    CMS-PROBATION OFFICERS AND CORRECTIONAL TREATMENT SPECIALISTS, ,100261,0,83,137,0,0,0,0,0,0,0,0,0,315,352,191,233,4983,716,2411,10230,7070,54832,17656,868,184,1311,5699,19711,54832,18708
    CMS-SOCIAL AND HUMAN SERVICE ASSISTANTS, ,228827,0,686,0,0,0,0,0,313,41,611,231,474,1014,1783,2726,2451,30974,5951,17087,46426,21981,67630,25151,2194,1103,10330,36925,85494,67630,28448
"    CMS-MISCELLANEOUS COMMUNITY AND SOCIAL SERVICE SPECIALISTS, INCLUDING HEALTH EDUCATORS AND COMMUNITY HEALTH WORKERS", ,115930,0,1081,0,0,0,10,7,0,0,81,0,60,514,774,2016,296,10316,3300,5994,21376,9896,35593,21270,1901,1445,4839,13616,37266,35593,24616
    CMS-CLERGY, ,498439,0,1691,457,0,0,27,381,763,150,1240,375,1141,2214,2044,1880,2392,25948,6516,12527,49794,20854,121057,168336,35554,43098,14755,32464,83175,121057,246988
"    CMS-DIRECTORS, RELIGIOUS ACTIVITIES AND EDUCATION", ,86386,0,37,0,0,0,0,0,0,0,0,0,0,37,600,357,342,7296,860,3214,10960,5818,32703,20012,1510,2640,1373,8156,19992,32703,24162
"    CMS-RELIGIOUS WORKERS, ALL OTHER", ,95078,0,42,0,80,0,0,0,0,0,47,178,96,419,1124,1417,854,12056,1128,6256,17048,6029,29365,14138,2750,2051,4257,13184,29333,29365,18939
"    LGL-LAWYERS, AND JUDGES, MAGISTRATES, AND OTHER JUDICIAL WORKERS", ,1241388,0,217,0,0,0,0,152,86,0,39,62,121,383,161,382,311,4732,2297,2917,6449,6763,63920,58029,978200,116167,1914,7029,16129,63920,1152396
    LGL-JUDICIAL LAW CLERKS, ,26775,0,0,0,0,0,0,0,0,0,0,0,0,0,0,44,0,191,245,823,872,510,3994,1038,17360,1698,44,436,2205,3994,20096
    LGL-PARALEGALS AND LEGAL ASSISTANTS, ,480371,0,894,0,0,150,142,155,0,37,64,564,382,143,1052,1293,1429,41332,6389,30068,86552,90694,172936,30103,12485,3507,6305,47721,207314,172936,46095
    LGL-MISCELLANEOUS LEGAL SUPPORT WORKERS, ,207677,0,608,0,0,0,80,0,0,0,236,138,179,290,729,545,1101,33798,2721,13829,38218,24235,67075,15434,6420,2041,3906,36519,76282,67075,23895
    EDU-POSTSECONDARY TEACHERS, ,1843402,0,2263,0,0,0,0,204,0,329,544,118,881,1004,975,2995,1947,32723,6333,16609,87822,43729,364086,579737,94289,606814,11260,39056,148160,364086,1280840
    EDU-PRESCHOOL AND KINDERGARTEN TEACHERS, ,736384,0,1688,0,93,123,0,0,46,274,315,0,721,1589,2739,4034,2188,90837,11008,48162,140590,109014,231636,83597,5780,1950,13810,101845,297766,231636,91327
    EDU-ELEMENTARY AND MIDDLE SCHOOL TEACHERS, ,4287786,0,0,0,0,0,0,0,0,0,0,0,0,44,0,0,0,49,0,38518,133349,105829,1950498,1891625,121976,45898,44,49,277696,1950498,2059499
    EDU-SECONDARY SCHOOL TEACHERS, ,950132,0,0,0,0,0,0,0,0,0,0,0,0,0,0,0,0,0,0,7376,35852,18347,408356,439876,26812,13513,0,0,61575,408356,480201
    EDU-SPECIAL EDUCATION TEACHERS, ,308704,0,154,0,0,0,0,0,0,0,0,205,461,212,372,1047,209,11642,3245,6126,18517,14894,109013,134744,5078,2785,2660,14887,39537,109013,142607
    EDU-OTHER TEACHERS AND INSTRUCTORS, ,1195962,0,1834,0,0,72,291,0,126,477,797,154,2282,4706,13758,22798,5763,119086,15629,71536,243182,90696,370241,189378,17764,25392,53058,134715,405414,370241,232534
"    EDU-ARCHIVISTS, CURATORS, AND MUSEUM TECHNICIANS", ,58332,0,79,0,0,0,0,0,72,0,0,0,0,0,195,285,74,3283,277,1885,6748,1445,17343,21797,1420,3429,705,3560,10078,17343,26646
    EDU-LIBRARIANS, ,215867,0,60,250,0,0,0,75,0,0,95,0,0,45,135,220,322,6053,1016,6539,17919,9383,52559,111445,6268,3483,1202,7069,33841,52559,121196
    EDU-LIBRARY TECHNICIANS, ,66422,0,362,0,0,0,0,0,0,0,48,0,390,751,2577,2502,630,19067,1745,4306,11827,4923,10813,5861,293,327,7260,20812,21056,10813,6481
    EDU-TEACHER ASSISTANTS, ,1349582,0,11199,841,338,0,123,602,1110,623,2302,1398,6936,6973,12213,21183,15862,346754,57694,101203,282615,161839,257362,52418,5726,2268,81703,404448,545657,257362,60412
"    EDU-OTHER EDUCATION, TRAINING, AND LIBRARY WORKERS", ,142713,0,199,0,0,0,0,0,0,0,0,122,0,978,224,195,461,7394,812,2624,14062,5547,40867,55655,4174,9399,2179,8206,22233,40867,69228
    ENT-ARTISTS AND RELATED WORKERS, ,262648,0,837,0,0,0,101,23,0,129,462,0,605,949,1451,1695,2181,28633,3268,11186,41802,20969,116177,27757,3192,1231,8433,31901,73957,116177,32180
    ENT-DESIGNERS, ,1035662,0,4041,0,0,180,57,329,85,678,3516,677,2168,3402,4838,6080,4445,101812,12672,45883,150576,128987,469425,82792,8497,4522,30496,114484,325446,469425,95811
    ENT-ACTORS, ,80258,0,654,0,0,0,0,0,0,18,0,71,0,820,1115,4206,166,9271,1083,3899,16951,5402,28217,7409,839,137,7050,10354,26252,28217,8385
    ENT-PRODUCERS AND DIRECTORS, ,180368,0,66,0,0,0,0,0,0,0,144,0,0,55,451,528,199,8159,1127,7634,21924,8015,103056,25367,1902,1741,1443,9286,37573,103056,29010
"    ENT-ATHLETES, COACHES, UMPIRES, AND RELATED WORKERS", ,431818,0,331,0,16,0,0,0,0,409,30,258,552,7526,23313,34268,4442,50754,5922,34954,90099,23265,107976,42056,3037,2610,71145,56676,148318,107976,47703
    ENT-DANCERS AND CHOREOGRAPHERS, ,30117,0,38,0,0,0,0,29,0,0,0,0,203,1039,1121,470,943,6639,935,2551,7041,2097,5473,1098,440,0,3843,7574,11689,5473,1538
"    ENT-MUSICIANS, SINGERS, AND RELATED WORKERS", ,276217,0,789,0,0,0,298,361,100,328,1092,388,660,1134,3533,5002,3031,36396,5650,17069,52429,13850,75337,47217,4375,7178,16716,42046,83348,75337,58770
"    ENT-ENTERTAINERS AND PERFORMERS, SPORTS AND RELATED WORKERS, ALL OTHER", ,58856,0,116,0,0,0,39,0,0,86,42,124,0,739,2060,881,988,8661,1723,5940,14392,3420,15200,3483,116,846,5075,10384,23752,15200,4445
    ENT-ANNOUNCERS, ,61687,0,107,0,0,0,0,0,0,0,374,94,0,230,748,2138,477,9361,1077,5500,11910,5418,19721,3812,467,253,4168,10438,22828,19721,4532
"    ENT-NEWS ANALYSTS, REPORTERS AND CORRESPONDENTS", ,91014,0,154,0,0,0,0,0,0,0,111,0,80,224,21,661,756,2833,261,1336,10160,3689,51964,16110,1770,884,2007,3094,15185,51964,18764
    ENT-PUBLIC RELATIONS SPECIALISTS, ,154894,0,229,0,0,0,0,0,0,0,0,0,938,78,148,285,677,5459,678,3208,16200,6875,84776,29394,3764,2185,2355,6137,26283,84776,35343
    ENT-EDITORS, ,226168,0,266,0,0,0,0,0,171,0,220,123,0,154,235,193,338,7177,1338,5694,28826,7018,120227,42361,5291,6536,1700,8515,41538,120227,54188
    ENT-TECHNICAL WRITERS, ,68598,0,201,0,0,0,0,0,0,0,0,0,0,0,0,40,0,3215,377,2193,8231,5327,30403,13993,1478,3140,241,3592,15751,30403,18611
    ENT-WRITERS AND AUTHORS, ,300943,0,129,0,0,0,86,0,0,0,430,481,176,46,1033,919,569,8826,1609,5354,29664,9839,149875,68732,9983,13192,3869,10435,44857,149875,91907
    ENT-MISCELLANEOUS MEDIA AND COMMUNICATION WORKERS, ,140856,0,607,0,0,0,261,0,0,286,1606,270,12,159,557,1760,1375,15594,4121,4967,24212,17497,43512,18646,3379,2035,6893,19715,46676,43512,24060
"    ENT-BROADCAST AND SOUND ENGINEERING TECHNICIANS AND RADIO OPERATORS, AND MEDIA AND COMMUNICATION EQUIPMENT WORKERS, ALL OTHER", ,129468,0,61,0,0,0,0,59,0,0,0,0,366,435,1274,1312,818,19154,3603,9637,32006,18415,36113,5531,495,189,4325,22757,60058,36113,6215
    ENT-PHOTOGRAPHERS, ,241362,0,763,0,0,0,0,0,214,0,327,100,28,886,2376,3019,1331,29989,2716,16766,51343,26482,87956,14429,2438,199,9044,32705,94591,87956,17066
"    ENT-TELEVISION, VIDEO, AND MOTION PICTURE CAMERA OPERATORS AND EDITORS", ,79332,0,43,0,0,0,0,0,0,0,51,0,144,47,292,547,343,5493,673,2856,15816,8959,36883,6752,279,154,1467,6166,27631,36883,7185
    MED-CHIROPRACTORS, ,58847,0,225,0,0,0,0,0,0,0,0,0,0,0,0,172,0,639,209,22,392,376,2533,1601,31281,21397,397,848,790,2533,54279
    MED-DENTISTS, ,179563,0,0,0,0,0,0,0,0,0,0,0,0,0,0,0,0,0,0,0,0,0,0,2650,141736,35177,0,0,0,0,179563
    MED-DIETITIANS AND NUTRITIONISTS, ,110026,0,64,103,0,0,0,0,0,36,58,66,0,217,489,1667,370,13808,1519,2697,8857,5214,37797,30434,4545,2085,3070,15327,16768,37797,37064
    MED-OPTOMETRISTS, ,39758,0,0,0,0,0,0,0,0,0,0,0,0,0,0,0,0,0,0,0,0,0,0,508,28919,10331,0,0,0,0,39758
    MED-PHARMACISTS, ,336624,0,0,0,0,0,0,0,0,0,0,0,0,0,0,0,0,0,0,1763,7540,3893,126982,21779,91936,82731,0,0,13196,126982,196446
    MED-PHYSICIANS AND SURGEONS, ,984445,0,0,0,0,39,0,0,0,0,252,0,270,57,249,172,275,1715,337,0,241,0,16725,5475,794762,163876,1314,2052,241,16725,964113
    MED-PHYSICIAN ASSISTANTS, ,100973,0,264,0,0,0,0,0,0,0,0,0,0,0,0,0,35,469,593,1348,2012,5476,18374,56740,13565,2097,299,1062,8836,18374,72402
    MED-PODIATRISTS, ,8428,0,0,0,0,0,0,0,0,0,0,0,0,0,0,0,0,0,0,0,0,0,0,99,6900,1429,0,0,0,0,8428
    MED-AUDIOLOGISTS, ,17290,0,0,0,0,0,0,0,0,0,0,0,0,0,0,0,0,207,24,0,609,420,1545,4583,3553,6349,0,231,1029,1545,14485
    MED-OCCUPATIONAL THERAPISTS, ,117355,0,60,0,0,0,0,0,0,0,0,0,0,0,0,55,111,1292,478,205,1174,7543,46688,53469,4841,1439,226,1770,8922,46688,59749
    MED-PHYSICAL THERAPISTS, ,255855,0,313,0,0,0,0,0,0,135,110,0,82,213,0,114,138,1408,514,233,5060,10516,83284,63489,36164,54082,1105,1922,15809,83284,153735
    MED-RADIATION THERAPISTS, ,18597,0,0,0,0,0,0,0,0,0,0,0,0,0,0,0,0,235,121,258,1370,5497,9025,1609,482,0,0,356,7125,9025,2091
    MED-RECREATIONAL THERAPISTS, ,12247,0,0,0,0,0,0,0,0,0,0,0,0,0,0,41,62,1038,83,740,632,1043,7340,1132,136,0,103,1121,2415,7340,1268
    MED-RESPIRATORY THERAPISTS, ,114521,0,204,0,0,0,0,0,0,0,0,78,108,0,0,99,31,1768,307,4412,12483,59362,31471,3234,912,52,520,2075,76257,31471,4198
    MED-SPEECH-LANGUAGE PATHOLOGISTS, ,169868,0,0,0,0,0,0,87,0,0,0,0,92,57,0,216,0,1534,232,404,463,1391,23076,136063,3980,2273,452,1766,2258,23076,142316
"    MED-OTHER THERAPISTS, INCLUDING EXERCISE PHYSIOLOGISTS", ,182240,0,628,0,0,0,0,0,0,0,0,58,59,0,683,155,478,2462,1326,1920,8086,13021,55683,86222,4793,6666,2061,3788,23027,55683,97681
    MED-VETERINARIANS, ,79352,0,0,0,0,0,0,0,0,0,0,0,0,0,0,0,0,0,0,0,0,0,0,1791,58270,19291,0,0,0,0,79352
    MED-REGISTERED NURSES, ,3524932,0,3047,359,0,233,0,0,0,652,1167,234,859,1260,1665,2210,2882,36979,10217,56235,163871,1163008,1709428,304059,50951,15616,14568,47196,1383114,1709428,370626
    MED-NURSE ANESTHETISTS, ,30481,0,0,0,0,0,0,0,0,0,0,0,0,0,0,0,0,0,0,0,0,0,4702,21575,2845,1359,0,0,0,4702,25779
"    MED-NURSE PRACTITIONERS, AND NURSE MIDWIVES", ,142956,0,0,0,0,0,0,0,0,0,0,0,0,0,0,0,0,0,0,0,0,0,9969,114198,13058,5731,0,0,0,9969,132987
"    MED-HEALTH DIAGNOSING AND TREATING PRACTITIONERS, ALL OTHER", ,30659,0,0,0,0,0,0,0,0,0,288,0,0,154,0,0,205,1257,0,662,1664,858,5251,11292,5995,3033,647,1257,3184,5251,20320
    MED-CLINICAL LABORATORY TECHNOLOGISTS AND TECHNICIANS, ,385569,0,484,0,0,0,0,136,52,95,245,0,271,636,931,1955,860,37248,5535,22186,61585,67242,151837,22740,7992,3539,5665,42783,151013,151837,34271
    MED-DENTAL HYGIENISTS, ,199866,0,57,0,0,0,0,236,0,0,152,204,253,143,0,70,392,3768,1083,4876,11809,100940,65502,4868,5212,301,1507,4851,117625,65502,10381
    MED-DIAGNOSTIC RELATED TECHNOLOGISTS AND TECHNICIANS, ,391880,0,1136,76,0,0,57,268,228,89,78,17,404,219,583,649,923,23202,2856,17940,56693,165484,101852,14350,4258,518,4727,26058,240117,101852,19126
    MED-EMERGENCY MEDICAL TECHNICIANS AND PARAMEDICS, ,232958,0,307,0,0,0,193,0,0,0,30,0,0,213,985,720,231,26187,5326,21975,83516,48329,37726,5590,1101,529,2679,31513,153820,37726,7220
    MED-HEALTH PRACTITIONER SUPPORT TECHNOLOGISTS AND TECHNICIANS, ,728655,0,1464,156,91,0,0,0,0,184,32,304,973,1415,2700,5140,4450,122949,18641,63563,208244,144982,129730,15320,5946,2371,16909,141590,416789,129730,23637
    MED-LICENSED PRACTICAL AND LICENSED VOCATIONAL NURSES, ,1001304,0,1938,660,32,0,0,169,147,92,602,476,1299,1493,2548,2470,3127,199976,32029,111790,431780,164200,36683,6606,2870,317,15053,232005,707770,36683,9793
    MED-MEDICAL RECORDS AND HEALTH INFORMATION TECHNICIANS, ,213152,0,528,68,109,0,0,0,0,0,173,0,0,175,582,936,1259,38987,4400,21713,50059,46477,37869,7637,1496,684,3830,43387,118249,37869,9817
"    MED-OPTICIANS, DISPENSING", ,65705,0,78,0,0,0,0,0,0,0,0,126,353,58,153,170,613,11743,2206,7245,17097,11403,11932,1686,557,285,1551,13949,35745,11932,2528
    MED-MISCELLANEOUS HEALTH TECHNOLOGISTS AND TECHNICIANS, ,146804,0,461,0,0,170,0,0,0,0,208,0,400,251,717,1624,784,20659,4010,9683,38798,25157,32045,8784,2794,259,4615,24669,73638,32045,11837
    MED-OTHER HEALTHCARE PRACTITIONERS AND TECHNICAL OCCUPATIONS, ,151892,0,326,0,0,0,0,0,0,0,142,73,121,274,324,1356,537,14730,3433,6784,16292,12778,54272,35007,3559,1884,3153,18163,35854,54272,40450
"    HLS-NURSING, PSYCHIATRIC, AND HOME HEALTH AIDES", ,2592419,0,27718,2260,224,868,2414,3268,3023,5957,16446,10114,26294,38798,61661,88387,56992,739884,155926,241971,632721,240236,185249,37052,11395,3561,344424,895810,1114928,185249,52008
    HLS-OCCUPATIONAL THERAPY ASSISTANTS AND AIDES, ,24974,0,0,0,0,0,0,0,0,0,0,0,0,0,0,0,0,534,182,384,930,19103,3513,139,189,0,0,716,20417,3513,328
    HLS-PHYSICAL THERAPIST ASSISTANTS AND AIDES, ,102225,0,109,0,0,0,0,0,0,0,0,0,72,424,498,448,338,4818,1510,3001,17425,43879,26461,1575,976,691,1889,6328,64305,26461,3242
    HLS-MASSAGE THERAPISTS, ,205906,0,597,247,0,25,0,53,0,0,65,190,201,886,549,740,1571,35005,7297,18896,58067,34530,36497,6397,3349,744,5124,42302,111493,36497,10490
    HLS-DENTAL ASSISTANTS, ,366021,0,1468,0,0,0,0,0,0,58,511,362,1417,1253,2048,3822,2919,78159,8945,41043,108677,74378,31849,3183,5137,792,13858,87104,224098,31849,9112
    HLS-MEDICAL ASSISTANTS, ,620475,0,1450,627,0,0,0,62,53,110,533,0,1232,1127,2253,4482,3171,117502,17601,65562,194519,139029,57727,9747,3092,596,15100,135103,399110,57727,13435
    HLS-MEDICAL TRANSCRIPTIONISTS, ,62726,0,0,0,0,0,0,0,0,0,0,0,0,0,0,0,52,10923,1051,6204,15779,13524,13374,1448,371,0,52,11974,35507,13374,1819
    HLS-PHARMACY AIDES, ,54432,0,293,0,0,0,0,0,0,169,42,528,121,23,294,676,770,13037,1727,5099,14721,6338,8264,604,1001,725,2916,14764,26158,8264,2330
    HLS-VETERINARY ASSISTANTS AND LABORATORY ANIMAL CARETAKERS, ,65909,0,190,43,0,423,0,0,0,0,60,217,432,482,1087,2255,517,11750,2124,5451,14884,7790,17309,743,98,54,5706,13874,28125,17309,895
    HLS-PHLEBOTOMISTS, ,145239,0,60,0,0,0,0,0,0,0,0,0,51,627,120,502,409,29069,6005,17953,52618,23739,12269,1048,769,0,1769,35074,94310,12269,1817
"    HLS-HEALTHCARE SUPPORT WORKERS, ALL OTHER, INCLUDING MEDICAL EQUIPMENT PREPARERS", ,198647,0,1927,0,0,42,0,88,0,0,1657,298,933,1907,3483,7470,4106,61523,8766,16631,45609,19979,19736,3383,349,760,21911,70289,82219,19736,4492
    PRT-FIRST-LINE SUPERVISORS OF CORRECTIONAL OFFICERS, ,71980,0,79,0,0,0,0,0,0,40,0,0,26,111,61,355,146,15761,2683,9482,15166,11608,12305,3972,110,75,818,18444,36256,12305,4157
    PRT-FIRST-LINE SUPERVISORS OF POLICE AND DETECTIVES, ,119799,0,0,0,0,0,0,80,0,0,0,0,0,0,35,201,142,10614,1741,10231,27724,19134,34711,14277,437,472,458,12355,57089,34711,15186
    PRT-FIRST-LINE SUPERVISORS OF FIRE FIGHTING AND PREVENTION WORKERS, ,58098,0,107,0,0,0,0,0,0,0,64,0,0,0,149,201,19,7516,563,4783,16305,12735,12791,2465,400,0,540,8079,33823,12791,2865
"    PRT-FIRST-LINE SUPERVISORS OF PROTECTIVE SERVICE WORKERS, ALL OTHER", ,87906,0,137,0,0,0,0,0,0,0,0,0,0,14,696,501,743,17187,2433,7412,17759,9770,19890,9614,1307,443,2091,19620,34941,19890,11364
    PRT-FIREFIGHTERS, ,316525,0,392,0,0,0,0,15,132,0,357,0,569,205,450,1554,1301,49448,5545,30267,91895,69262,58777,5315,891,150,4975,54993,191424,58777,6356
    PRT-FIRE INSPECTORS, ,23948,0,39,0,0,0,0,0,0,0,31,0,78,206,210,201,161,4696,930,1398,5095,4249,5395,1119,0,140,926,5626,10742,5395,1259
"    PRT-BAILIFFS, CORRECTIONAL OFFICERS, AND JAILERS", ,491804,0,896,0,0,0,0,0,0,39,379,71,182,727,914,2203,1786,129720,23331,55624,132040,67273,68532,6845,1065,177,7197,153051,254937,68532,8087
    PRT-DETECTIVES AND CRIMINAL INVESTIGATORS, ,146053,0,87,0,0,0,0,0,339,0,0,207,0,240,161,404,152,8782,780,8130,30832,15752,59657,17509,1880,1141,1590,9562,54714,59657,20530
    PRT-MISCELLANEOUS LAW ENFORCEMENT WORKERS, ,16286,0,0,0,0,0,0,0,0,0,0,0,0,19,273,434,187,2507,695,1281,3458,2360,4438,634,0,0,913,3202,7099,4438,634
    PRT-POLICE OFFICERS, ,812642,0,486,0,0,0,0,0,175,0,279,321,408,724,464,2173,2512,92892,10821,70047,205861,129166,249598,41146,4511,1058,7542,103713,405074,249598,46715
    PRT-ANIMAL CONTROL WORKERS, ,11154,0,0,0,0,0,0,0,0,0,0,0,0,0,0,144,88,2246,998,1861,3299,1179,1311,28,0,0,232,3244,6339,1311,28
    PRT-PRIVATE DETECTIVES AND INVESTIGATORS, ,98862,0,0,0,0,0,0,0,0,0,57,0,0,274,218,268,0,7549,723,4839,16574,8212,44384,13216,2104,444,817,8272,29625,44384,15764
    PRT-SECURITY GUARDS AND GAMING SURVEILLANCE OFFICERS, ,1267640,0,7241,153,0,253,329,546,860,1428,4224,2850,5360,7885,15283,25534,19358,385972,72952,115209,304403,123808,140262,28456,3380,1894,91304,458924,543420,140262,33730
    PRT-CROSSING GUARDS, ,90838,0,1315,0,0,299,94,0,238,0,1092,586,903,1887,2240,3910,2741,34560,6942,7599,13747,5513,5503,1460,209,0,15305,41502,26859,5503,1669
    PRT-TRANSPORTATION SECURITY SCREENERS, ,38424,0,80,194,0,0,0,0,0,0,0,0,119,446,675,384,367,6988,1131,2871,9880,4720,8283,2120,77,89,2265,8119,17471,8283,2286
"    PRT-LIFEGUARDS AND OTHER RECREATIONAL, AND ALL OTHER PROTECTIVE SERVICE WORKERS", ,335198,0,691,0,0,0,0,0,0,47,31,181,190,7724,39573,62611,7219,56233,1248,39695,84276,9865,21830,3411,118,255,118267,57481,133836,21830,3784
    EAT-CHEFS AND HEAD COOKS, ,501335,0,10298,69,408,72,242,3098,229,3060,11738,2966,8389,10072,7565,11329,13348,126344,18578,29876,93399,83641,57704,7908,711,291,82883,144922,206916,57704,8910
    EAT-FIRST-LINE SUPERVISORS OF FOOD PREPARATION AND SERVING WORKERS, ,653130,0,6365,32,0,445,214,314,411,884,4747,836,6495,6157,12098,24812,12893,187685,34017,55049,156445,60083,71265,9378,2000,505,76703,221702,271577,71265,11883
    EAT-COOKS, ,3136700,0,68422,609,1007,3943,7438,16494,11359,15919,90218,20798,57680,120157,167664,237204,100105,1030076,185639,218864,487419,153826,122835,15471,2600,953,919017,1215715,860109,122835,19024
    EAT-FOOD PREPARATION WORKERS, ,1368983,0,24331,487,83,1837,2311,5316,3702,5422,29429,9955,15852,44161,67497,108824,37217,395716,66379,123388,269539,67901,76241,9708,2709,978,356424,462095,460828,76241,13395
    EAT-BARTENDERS, ,531358,0,3298,0,0,63,248,0,0,202,951,506,960,4273,6274,8358,8640,124410,25301,44557,157301,52292,84304,7475,1722,223,33773,149711,254150,84304,9420
"    EAT-COMBINED FOOD PREPARATION AND SERVING WORKERS, INCLUDING FAST FOOD", ,537881,0,5710,0,0,55,595,593,399,747,3864,1371,6858,16106,34795,52405,20006,166546,28302,47030,99175,29461,18692,4747,321,103,143504,194848,175666,18692,5171
"    EAT-COUNTER ATTENDANTS, CAFETERIA, FOOD CONCESSION, AND COFFEE SHOP", ,307589,0,2346,0,46,187,0,161,0,158,2706,390,1706,9132,32921,53379,10128,74698,7845,28908,62626,7271,11958,1023,0,0,113260,82543,98805,11958,1023
    EAT-WAITERS AND WAITRESSES, ,2952977,0,24858,551,372,104,1299,3412,2344,2855,18375,5535,22419,50111,106782,173346,63670,771653,110037,265192,803265,207637,280299,30606,6839,1416,476033,881690,1276094,280299,38861
"    EAT-FOOD SERVERS, NONRESTAURANT", ,247798,0,2103,74,0,16,137,143,406,57,1125,234,2612,4542,9087,15532,7333,80176,10985,21988,55224,16056,17472,1937,516,43,43401,91161,93268,17472,2496
"    EAT-MISCELLANEOUS FOOD PREPARATION AND SERVING RELATED WORKERS, INCLUDING DINING ROOM AND CAFETERIA ATTENDANTS AND BARTENDER HELPERS", ,513349,0,7947,0,147,100,658,2935,1486,2094,10739,3110,3861,18334,34086,56287,15219,161213,21298,39501,88738,20835,21995,1809,510,447,157003,182511,149074,21995,2766
    EAT-DISHWASHERS, ,500205,0,17003,97,102,2116,3436,4399,2978,4622,22196,2608,10648,17694,39508,60134,18352,145357,29171,32516,57929,12756,12312,3693,578,0,205893,174528,103201,12312,4271
"    EAT-HOSTS AND HOSTESSES, RESTAURANT, LOUNGE, AND COFFEE SHOP", ,448069,0,2266,32,269,0,0,99,0,889,862,797,2263,5474,32078,60906,10243,117521,9904,47933,106473,19360,26021,4028,593,58,116178,127425,173766,26021,4679
    CLN-FIRST-LINE SUPERVISORS OF HOUSEKEEPING AND JANITORIAL WORKERS, ,274195,0,2486,36,0,156,109,531,321,522,2743,1140,4658,6945,7835,10009,6207,86976,18767,19326,48502,22449,28910,4508,691,368,43698,105743,90277,28910,5567
"    CLN-FIRST-LINE SUPERVISORS OF LANDSCAPING, LAWN SERVICE, AND GROUNDSKEEPING WORKERS", ,180129,0,3941,0,164,77,676,589,216,621,4690,887,2429,3407,4519,4506,4655,43977,7925,12050,34070,16827,30576,2643,543,141,31377,51902,62947,30576,3327
    CLN-JANITORS AND BUILDING CLEANERS, ,3302683,0,84327,798,1206,3052,11613,22951,11839,22176,92122,27382,69961,106095,135662,165824,111713,1207227,220892,215405,455670,164298,145673,22149,2703,1945,866721,1428119,835373,145673,26797
    CLN-MAIDS AND HOUSEKEEPING CLEANERS, ,2094785,0,74610,672,906,3723,11439,20907,17319,25140,113892,28261,76705,113204,85487,118570,82666,708043,113385,102336,220783,80516,78340,13435,3230,1216,773501,821428,403635,78340,17881
    CLN-PEST CONTROL WORKERS, ,87321,0,285,0,0,126,266,92,0,21,707,193,348,1255,1053,1374,936,30686,6807,7289,18701,6847,9316,948,71,0,6656,37493,32837,9316,1019
    CLN-GROUNDS MAINTENANCE WORKERS, ,1849854,0,60074,442,674,4488,10201,21292,13591,18456,86322,20063,47320,90814,99631,116804,62676,551896,108422,107700,240914,74300,96767,13907,2491,609,652848,660318,422914,96767,17007
    PRS-FIRST-LINE SUPERVISORS OF GAMING WORKERS, ,27273,0,326,0,0,0,0,0,0,0,79,0,200,100,0,1099,887,7002,1692,2064,6720,3159,3422,523,0,0,2691,8694,11943,3422,523
    PRS-FIRST-LINE SUPERVISORS OF PERSONAL SERVICE WORKERS, ,97828,0,519,0,0,0,0,0,100,101,137,115,268,215,1152,1053,565,21703,2689,6299,27368,11276,20259,3412,252,345,4225,24392,44943,20259,4009
    PRS-ANIMAL TRAINERS, ,50543,0,0,0,0,0,208,503,0,0,439,0,82,471,833,1136,873,11058,1375,3580,12496,4707,10509,2043,108,122,4545,12433,20783,10509,2273
    PRS-NONFARM ANIMAL CARETAKERS, ,309982,0,2545,45,0,0,283,142,0,164,1352,330,1323,4137,10055,13914,4833,85573,14839,26455,71078,25797,39049,6422,906,740,39123,100412,123330,39049,8068
    PRS-GAMING SERVICES WORKERS, ,128669,0,1892,0,0,0,0,144,291,0,441,259,347,738,2347,2017,2882,36573,7032,13283,27133,13040,16590,2839,821,0,11358,43605,53456,16590,3660
    PRS-MOTION PICTURE PROJECTIONISTS, ,4153,0,0,0,0,0,0,0,0,0,0,0,0,0,0,0,106,753,71,676,1085,488,797,177,0,0,106,824,2249,797,177
"    PRS-USHERS, LOBBY ATTENDANTS, AND TICKET TAKERS", ,77068,0,252,0,43,0,0,0,40,72,0,132,232,860,4556,7681,1770,18270,1513,8868,15780,4759,9014,2704,439,83,15638,19783,29407,9014,3226
    PRS-MISCELLANEOUS ENTERTAINMENT ATTENDANTS AND RELATED WORKERS, ,336801,0,1201,0,0,52,0,561,0,414,1681,415,1253,5789,18210,29880,6213,76071,8694,33074,88561,19883,35702,8102,801,244,65669,84765,141518,35702,9147
    PRS-EMBALMERS AND FUNERAL ATTENDANTS, ,22648,0,0,0,0,0,0,0,0,0,0,0,162,55,397,342,173,6505,278,1208,5564,2753,3838,1025,348,0,1129,6783,9525,3838,1373
"    PRS-MORTICIANS, UNDERTAKERS, AND FUNERAL DIRECTORS", ,41638,0,154,0,0,0,0,0,0,0,0,0,0,0,290,174,43,4565,133,1708,7962,13536,10874,1152,972,75,661,4698,23206,10874,2199
    PRS-BARBERS, ,123019,0,1518,0,0,0,321,261,56,705,1438,301,1404,1460,1297,2533,2841,46106,11969,13239,24757,7811,4503,499,0,0,14135,58075,45807,4503,499
"    PRS-HAIRDRESSERS, HAIRSTYLISTS, AND COSMETOLOGISTS", ,1006092,0,6790,268,0,0,53,1042,268,1219,4502,2126,3930,9372,13168,15515,18911,404750,44282,94603,230153,96874,49771,5544,2596,355,77164,449032,421630,49771,8495
    PRS-MISCELLANEOUS PERSONAL APPEARANCE WORKERS, ,373244,0,17243,0,88,307,325,1302,582,2631,4664,3254,3353,9837,8807,9022,17515,125067,10654,27347,61359,30599,30746,7765,755,22,78930,135721,119305,30746,8542
"    PRS-BAGGAGE PORTERS, BELLHOPS, AND CONCIERGES", ,101167,0,563,0,0,0,0,0,262,0,638,475,595,1223,1358,1980,3100,31008,3706,7622,22228,10635,13851,1248,202,473,10194,34714,40485,13851,1923
    PRS-TOUR AND TRAVEL GUIDES, ,84418,0,126,0,0,0,0,0,0,0,0,31,336,587,1358,2250,689,12161,1562,6974,23095,5728,20588,6439,1211,1283,5377,13723,35797,20588,8933
    PRS-CHILDCARE WORKERS, ,1873551,0,19661,546,322,1262,3410,4493,2820,5990,16817,5052,14167,28485,67426,90678,36658,487440,64133,168248,417285,154294,238012,38550,4491,3311,297787,551573,739827,238012,46352
    PRS-PERSONAL CARE AIDES, ,1804043,0,32242,315,505,1373,3266,5588,2435,7132,25400,6468,21257,35042,48202,60377,48244,514663,104833,158464,367404,146450,169580,36007,6878,1918,297846,619496,672318,169580,44803
    PRS-RECREATION AND FITNESS WORKERS, ,638761,0,1397,69,0,0,98,0,272,264,334,101,2102,4926,17881,37782,7355,92623,10015,49308,154743,48732,166680,37537,4113,2429,72581,102638,252783,166680,44079
    PRS-RESIDENTIAL ADVISORS, ,93049,0,82,0,0,0,0,0,0,0,295,0,46,731,486,468,437,9143,1838,6409,51308,5087,12891,3305,356,167,2545,10981,62804,12891,3828
"    PRS-PERSONAL CARE AND SERVICE WORKERS, ALL OTHER", ,202073,0,2254,63,0,163,156,250,185,48,986,105,781,2648,4520,7962,5394,43775,9743,19260,43592,15315,34482,9647,479,265,25515,53518,78167,34482,10391
    SAL-FIRST-LINE SUPERVISORS OF RETAIL SALES WORKERS, ,3555499,0,17517,497,180,169,1014,1431,2019,1937,9897,3471,13745,19307,35007,50180,51264,920447,138635,295210,793186,335542,706799,125858,18003,14184,207635,1059082,1423938,706799,158045
    SAL-FIRST-LINE SUPERVISORS OF NON-RETAIL SALES WORKERS, ,1377281,0,6307,172,169,0,616,705,517,2816,5676,2561,4059,7302,11564,11697,14763,277060,38069,88122,231682,111043,416378,123639,14667,7697,68924,315129,430847,416378,146003
    SAL-CASHIERS, ,4895133,0,43001,682,585,976,2647,3123,3693,3727,16357,12737,34046,88894,243659,416968,133262,1480924,220566,457057,1127513,271110,281863,43952,5412,2379,1004357,1701490,1855680,281863,51743
    SAL-COUNTER AND RENTAL CLERKS, ,124195,0,698,0,0,188,41,381,74,78,404,393,869,1556,3172,4951,2083,40483,4036,10688,27255,8901,15187,2090,667,0,14888,44519,46844,15187,2757
    SAL-PARTS SALESPERSONS, ,142937,0,999,0,0,0,0,125,0,0,175,55,548,1484,1949,5849,2406,56309,9743,12349,28715,13299,6957,930,789,256,13590,66052,54363,6957,1975
    SAL-RETAIL SALESPERSONS, ,4703732,0,26898,802,1044,1335,1265,1229,2732,4940,11844,5543,21774,39334,81545,157329,74243,1205933,155947,429941,1182697,413379,741242,118171,17638,6927,431857,1361880,2026017,741242,142736
    SAL-ADVERTISING SALES AGENTS, ,196544,0,740,0,0,0,0,0,72,153,0,0,29,601,490,911,1248,18577,3429,10502,33211,14844,94569,15291,1496,381,4244,22006,58557,94569,17168
    SAL-INSURANCE SALES AGENTS, ,649820,0,1868,0,0,170,0,699,0,195,353,56,370,1606,1421,2991,2545,92110,11001,47431,143076,61779,227482,44767,7864,2036,12274,103111,252286,227482,54667
"    SAL-SECURITIES, COMMODITIES, AND FINANCIAL SERVICES SALES AGENTS", ,281203,0,1261,0,0,0,0,0,0,282,0,68,0,230,358,792,1023,20373,2176,10676,37393,16934,139755,40980,5917,2985,4014,22549,65003,139755,49882
    SAL-TRAVEL AGENTS, ,93261,0,170,0,0,0,0,0,0,0,0,76,382,0,0,622,782,14553,1993,7982,22638,12786,25633,5186,199,259,2032,16546,43406,25633,5644
"    SAL-SALES REPRESENTATIVES, SERVICES, ALL OTHER", ,774785,0,1980,43,0,110,0,77,184,220,146,239,1154,1645,4165,7096,6168,104189,17819,52358,160198,59997,295943,54968,4920,1166,23227,122008,272553,295943,61054
"    SAL-SALES REPRESENTATIVES, WHOLESALE AND MANUFACTURING", ,1598791,0,7371,100,109,67,330,432,1129,895,4729,1579,7607,3782,8698,11085,14761,255068,35462,105725,272107,130269,617015,106006,9639,4826,62674,290530,508101,617015,120471
"    SAL-MODELS, DEMONSTRATORS, AND PRODUCT PROMOTERS", ,98187,0,781,0,0,0,0,0,0,69,313,133,1153,478,2793,2931,1227,29699,3629,9142,21565,6700,12982,3473,889,230,9878,33328,37407,12982,4592
    SAL-REAL ESTATE BROKERS AND SALES AGENTS, ,995616,0,1444,42,0,0,0,119,184,0,557,291,1416,937,2882,4433,4457,110288,17175,68372,203279,99805,366630,91962,15573,5770,16762,127463,371456,366630,113305
    SAL-SALES ENGINEERS, ,38050,0,0,0,0,0,0,0,0,0,0,0,0,0,51,0,0,2013,112,1316,4152,3271,21086,5809,80,160,51,2125,8739,21086,6049
    SAL-TELEMARKETERS, ,141345,0,421,0,0,0,0,0,228,119,366,119,400,1211,2865,4685,3733,37908,7449,14750,36099,11748,16289,2697,187,71,14147,45357,62597,16289,2955
"    SAL-DOOR-TO-DOOR SALES WORKERS, NEWS AND STREET VENDORS, AND RELATED WORKERS", ,215346,0,2869,0,74,0,94,848,105,1019,3283,1159,2143,4397,7241,6368,4093,51468,11758,16916,43648,19025,33175,4409,844,410,33693,63226,79589,33175,5663
"    SAL-SALES AND RELATED WORKERS, ALL OTHER", ,374384,0,1293,91,103,0,0,238,0,0,830,116,2557,2292,3049,6394,3563,71563,9850,25881,67693,31983,117198,25367,2856,1467,20526,81413,125557,117198,29690
    OFF-FIRST-LINE SUPERVISORS OF OFFICE AND ADMINISTRATIVE SUPPORT WORKERS, ,1621687,0,4923,90,168,59,37,417,246,714,1552,426,2446,5895,9568,9946,14304,323036,43088,139421,335344,189971,399222,118625,14228,7961,50791,366124,664736,399222,140814
"    OFF-SWITCHBOARD OPERATORS, INCLUDING ANSWERING SERVICE", ,41302,0,279,0,0,0,0,0,0,42,43,0,0,340,80,416,868,13258,2685,4031,11312,3955,3494,315,93,91,2068,15943,19298,3494,499
    OFF-TELEPHONE OPERATORS, ,52448,0,71,0,0,0,0,0,0,0,0,0,281,30,482,609,674,13531,2495,6911,16362,4881,4855,558,680,28,2147,16026,28154,4855,1266
"    OFF-COMMUNICATIONS EQUIPMENT OPERATORS, ALL OTHER", ,14030,0,0,0,0,0,0,0,0,0,0,0,0,0,0,0,88,2420,250,1683,4211,1681,2631,966,100,0,88,2670,7575,2631,1066
    OFF-BILL AND ACCOUNT COLLECTORS, ,214184,0,977,0,0,0,0,0,0,144,499,0,270,1019,1899,1876,3054,57691,8194,20403,58032,24806,29624,4979,600,117,9738,65885,103241,29624,5696
    OFF-BILLING AND POSTING CLERKS, ,570422,0,1737,61,0,88,0,0,0,673,1145,125,511,2143,2327,3883,3508,156215,18028,58262,137610,81945,84409,14746,1808,1198,16201,174243,277817,84409,17752
"    OFF-BOOKKEEPING, ACCOUNTING, AND AUDITING CLERKS", ,1492216,0,7565,164,0,0,165,973,355,925,1853,941,3414,4424,7860,13288,17737,377976,43017,182861,385380,157260,234480,45415,4425,1738,59664,420993,725501,234480,51578
    OFF-GAMING CAGE WORKERS, ,8852,0,149,0,0,0,0,0,0,0,0,0,0,0,176,249,128,2615,1069,947,2101,358,1000,60,0,0,702,3684,3406,1000,60
    OFF-PAYROLL AND TIMEKEEPING CLERKS, ,199039,0,558,0,0,0,72,0,69,0,45,0,0,714,826,1434,1409,51542,4548,20879,47042,29041,35132,5011,433,284,5127,56090,96962,35132,5728
    OFF-PROCUREMENT CLERKS, ,37241,0,83,0,0,0,0,0,0,0,0,0,86,0,0,237,175,6708,748,4583,7452,3546,9079,4295,175,74,581,7456,15581,9079,4544
    OFF-TELLERS, ,430230,0,557,334,0,0,0,44,106,231,187,237,325,183,1683,4076,3109,121330,11045,40803,133987,47691,56845,6151,880,426,11072,132375,222481,56845,7457
"    OFF-FINANCIAL CLERKS, ALL OTHER", ,141812,0,660,0,0,0,0,0,0,0,68,0,49,126,348,244,249,19707,2054,10940,27268,12461,48054,18332,870,382,1744,21761,50669,48054,19584
    OFF-BROKERAGE CLERKS, ,6848,0,0,0,0,0,0,0,0,0,0,0,0,0,0,0,0,1261,0,308,1756,767,2255,380,0,121,0,1261,2831,2255,501
"    OFF-COURT, MUNICIPAL, AND LICENSE CLERKS", ,92228,0,232,0,0,0,0,0,0,0,62,129,74,0,162,665,278,22035,2811,8642,19881,13449,19650,2790,1167,201,1602,24846,41972,19650,4158
"    OFF-CREDIT AUTHORIZERS, CHECKERS, AND CLERKS", ,59506,0,137,0,0,0,0,0,0,0,137,0,26,44,0,366,425,14694,953,5479,15449,7311,11971,2483,31,0,1135,15647,28239,11971,2514
    OFF-CUSTOMER SERVICE REPRESENTATIVES, ,3416863,0,13211,174,453,667,1368,1130,1188,933,6522,1988,9105,20922,55656,94058,43888,807702,105397,329550,860972,340367,604831,102082,10167,4532,251263,913099,1530889,604831,116781
"    OFF-ELIGIBILITY INTERVIEWERS, GOVERNMENT PROGRAMS", ,88578,0,271,0,0,0,0,0,58,0,76,0,58,165,97,77,651,9219,2398,5488,17592,13269,31829,6932,235,163,1453,11617,36349,31829,7330
    OFF-FILE CLERKS, ,358432,0,2160,0,0,169,0,0,0,0,371,507,1003,1119,8820,13765,6040,84948,12979,36658,90054,35918,51943,10245,1267,466,33954,97927,162630,51943,11978
"    OFF-HOTEL, MOTEL, AND RESORT DESK CLERKS", ,183520,0,1163,53,0,0,0,0,0,145,90,193,317,1062,2800,3752,4961,41071,8552,16804,48063,19508,30201,4136,211,438,14536,49623,84375,30201,4785
"    OFF-INTERVIEWERS, EXCEPT ELIGIBILITY AND LOAN", ,193951,0,323,0,97,0,0,0,0,0,412,64,134,534,2466,2485,821,30728,4777,17147,49394,26766,41712,13227,1887,977,7336,35505,93307,41712,16091
"    OFF-LIBRARY ASSISTANTS, CLERICAL", ,140462,0,118,0,0,0,0,0,0,40,113,0,0,164,1314,1831,698,24395,1954,11969,37149,13235,35793,10776,804,109,4278,26349,62353,35793,11689
    OFF-LOAN INTERVIEWERS AND CLERKS, ,136614,0,299,0,0,0,0,0,0,185,0,0,65,85,378,564,600,29843,4076,13623,34816,16779,30910,4068,204,119,2176,33919,65218,30910,4391
    OFF-NEW ACCOUNTS CLERKS, ,18283,0,65,0,0,0,0,0,0,0,0,0,0,0,107,0,65,3749,374,2625,4718,1899,4241,325,115,0,237,4123,9242,4241,440
    OFF-CORRESPONDENCE CLERKS AND ORDER CLERKS, ,181731,0,1738,55,0,117,119,108,0,0,1282,956,1354,2909,2527,4236,4070,56197,9277,13875,36734,18141,24484,3195,226,131,19471,65474,68750,24484,3552
"    OFF-HUMAN RESOURCES ASSISTANTS, EXCEPT PAYROLL AND TIMEKEEPING", ,63888,0,435,0,0,216,0,0,144,0,383,0,0,0,116,548,189,13206,1560,6699,19382,6608,11186,3164,52,0,2031,14766,32689,11186,3216
    OFF-RECEPTIONISTS AND INFORMATION CLERKS, ,1566642,0,7166,63,110,292,471,88,187,238,1524,538,4898,6605,19229,27420,21802,431946,58161,162572,419172,174821,194652,30465,2863,1359,90631,490107,756565,194652,34687
    OFF-RESERVATION AND TRANSPORTATION TICKET AGENTS AND TRAVEL CLERKS, ,155694,0,63,0,0,0,0,0,0,0,107,0,135,698,794,1625,1067,32070,4988,13994,42296,15986,36760,4307,551,253,4489,37058,72276,36760,5111
"    OFF-INFORMATION AND RECORD CLERKS, ALL OTHER", ,136642,0,432,300,0,0,0,0,0,0,397,159,0,260,393,1876,1187,25137,2503,14002,32449,14141,31409,9756,1225,1016,5004,27640,60592,31409,11997
    OFF-CARGO AND FREIGHT AGENTS, ,24625,0,240,0,0,0,0,0,0,0,55,0,65,0,174,107,457,6707,1292,2072,5877,1500,5293,786,0,0,1098,7999,9449,5293,786
    OFF-COURIERS AND MESSENGERS, ,279161,0,1878,0,159,0,0,254,186,282,1106,126,2196,1777,5077,6840,5921,85545,13591,21643,68612,24639,33238,5406,443,242,25802,99136,114894,33238,6091
    OFF-DISPATCHERS, ,333940,0,1812,0,0,667,0,137,69,0,47,992,923,876,2979,2270,5113,94978,14453,37576,81497,37968,43823,7342,418,0,15885,109431,157041,43823,7760
"    OFF-METER READERS, UTILITIES", ,34527,0,0,0,0,0,0,0,0,0,0,0,45,281,318,155,185,12574,2352,4729,7704,2420,3026,652,86,0,984,14926,14853,3026,738
    OFF-POSTAL SERVICE CLERKS, ,140956,0,792,213,0,0,0,0,0,0,193,542,617,313,610,314,1284,38878,3576,17013,38442,12860,22270,2615,196,228,4878,42454,68315,22270,3039
    OFF-POSTAL SERVICE MAIL CARRIERS, ,394416,0,1166,112,0,0,0,260,0,593,43,346,251,799,1941,1570,4143,114194,17731,50573,99909,43497,50930,5658,444,256,11224,131925,193979,50930,6358
"    OFF-POSTAL SERVICE MAIL SORTERS, PROCESSORS, AND PROCESSING MACHINE OPERATORS", ,89297,0,308,0,0,0,0,0,0,0,114,0,0,347,887,1155,1565,23894,2585,12956,21096,8648,13624,1915,203,0,4376,26479,42700,13624,2118
"    OFF-PRODUCTION, PLANNING, AND EXPEDITING CLERKS", ,373802,0,1196,0,69,0,155,0,0,313,0,144,1127,396,1970,4036,1789,75781,9381,32823,76278,44325,95594,26145,1348,932,11195,85162,153426,95594,28425
"    OFF-SHIPPING, RECEIVING, AND TRAFFIC CLERKS", ,753914,0,7505,78,351,375,595,732,991,1015,8372,2439,4572,9607,15719,22269,19120,292839,49426,64262,140865,54922,48608,7624,650,978,93740,342265,260049,48608,9252
    OFF-STOCK CLERKS AND ORDER FILLERS, ,2236001,0,21559,573,293,759,1672,2971,2329,2898,16757,6408,19960,30677,65031,115025,57272,790692,130369,206365,442573,142731,153933,21038,2326,1790,344184,921061,791669,153933,25154
"    OFF-WEIGHERS, MEASURERS, CHECKERS, AND SAMPLERS, RECORDKEEPING", ,99525,0,1567,0,0,494,50,0,52,31,1379,155,715,1262,2092,3209,1473,29877,4977,10818,17496,8720,12347,2437,233,141,12479,34854,37034,12347,2811
    OFF-SECRETARIES AND ADMINISTRATIVE ASSISTANTS, ,4196202,0,11258,211,73,0,175,288,338,498,3048,2760,6233,9365,19089,34187,32363,1091549,104271,452705,942828,575537,750528,139136,13773,5989,119886,1195820,1971070,750528,158898
    OFF-COMPUTER OPERATORS, ,116006,0,677,0,0,0,0,0,0,0,124,0,0,56,1015,1068,633,24211,2237,11568,26748,13155,26777,6971,526,240,3573,26448,51471,26777,7737
    OFF-DATA ENTRY KEYERS, ,474032,0,1921,36,0,0,0,51,0,352,429,64,1096,2509,3782,6813,4376,111913,16919,48879,117399,57265,83500,14609,1331,788,21429,128832,223543,83500,16728
    OFF-WORD PROCESSORS AND TYPISTS, ,405599,0,1564,0,0,0,0,217,102,169,419,205,908,1176,1751,4180,4477,99308,10251,50429,94702,51306,70931,11167,1669,668,15168,109559,196437,70931,13504
    OFF-INSURANCE CLAIMS AND POLICY PROCESSING CLERKS, ,457514,0,488,0,0,0,0,0,98,491,103,113,638,814,1705,2974,3898,101836,13372,45308,110458,53362,103087,15741,2598,430,11322,115208,209128,103087,18769
"    OFF-MAIL CLERKS AND MAIL MACHINE OPERATORS, EXCEPT POSTAL SERVICE", ,113040,0,707,0,0,0,68,125,0,180,662,370,666,1674,2143,2889,2818,37791,5709,11905,25299,9280,9158,1445,39,112,12302,43500,46484,9158,1596
"    OFF-OFFICE CLERKS, GENERAL", ,1751032,0,5892,122,166,132,48,597,732,295,2058,869,3477,8071,17651,32595,17503,435322,47713,162194,461469,198794,295163,48764,7364,4041,90208,483035,822457,295163,60169
"    OFF-OFFICE MACHINE OPERATORS, EXCEPT COMPUTER", ,54694,0,62,0,218,0,0,0,0,0,297,0,248,474,747,1027,864,16605,1784,5270,14207,6500,5783,608,0,0,3937,18389,25977,5783,608
    OFF-PROOFREADERS AND COPY MARKERS, ,17276,0,0,0,0,0,0,0,0,0,0,0,30,0,160,0,53,1775,89,1368,3275,665,6733,2572,130,426,243,1864,5308,6733,3128
    OFF-STATISTICAL ASSISTANTS, ,24122,0,55,107,0,0,0,0,0,0,365,0,87,240,238,0,22,6899,371,1112,6154,2305,4630,1434,0,103,1114,7270,9571,4630,1537
"    OFF-MISCELLANEOUS OFFICE AND ADMINISTRATIVE SUPPORT WORKERS, INCLUDING DESKTOP PUBLISHERS", ,771523,0,1983,0,64,251,133,224,259,591,644,782,1568,1897,4126,6760,5759,129884,16192,71826,163483,95461,208804,51929,5653,3250,25041,146076,330770,208804,60832
"    FFF-FIRST-LINE SUPERVISORS OF FARMING, FISHING, AND FORESTRY WORKERS", ,70919,0,2985,0,144,96,521,1876,158,280,3446,1124,2461,2902,3343,1748,1145,19493,2993,4074,8704,4674,7669,994,89,0,22229,22486,17452,7669,1083
    FFF-AGRICULTURAL INSPECTORS, ,18247,0,237,0,0,0,0,0,0,0,258,539,183,272,267,93,148,2851,388,936,3847,2336,4812,892,65,123,1997,3239,7119,4812,1080
"    FFF-GRADERS AND SORTERS, AGRICULTURAL PRODUCTS", ,86378,0,4074,161,0,208,864,1731,1949,1198,11256,1345,3995,5593,4030,3840,3820,21581,3563,3444,7652,2585,3291,73,0,125,44064,25144,13681,3291,198
"    FFF-MISCELLANEOUS AGRICULTURAL WORKERS, INCLUDING ANIMAL BREEDERS", ,1214057,0,63711,338,399,6811,14057,24689,18185,21686,133314,20202,50440,83796,68697,82144,40545,274053,39560,50289,117135,38026,53737,8679,2021,1543,629014,313613,205450,53737,12243
    FFF-FISHING AND HUNTING WORKERS, ,60914,0,1026,174,0,0,360,82,0,66,753,350,1400,1724,3584,2808,1934,26243,2371,3372,6722,2604,4871,421,49,0,14261,28614,12698,4871,470
    FFF-FOREST AND CONSERVATION WORKERS, ,18332,0,259,0,0,0,43,66,130,0,562,0,367,356,564,1943,44,2909,1105,1340,2603,2775,3054,212,0,0,4334,4014,6718,3054,212
    FFF-LOGGING WORKERS, ,82828,0,1637,0,0,290,0,572,16,305,1072,1056,4616,5022,5251,3473,2929,32125,5836,3471,8121,3046,2332,1658,0,0,26239,37961,14638,2332,1658
    CON-FIRST-LINE SUPERVISORS OF CONSTRUCTION TRADES AND EXTRACTION WORKERS, ,893450,0,10713,163,237,301,1533,1666,1208,2242,7916,2351,13682,18130,19549,29931,24054,314173,54358,73144,153633,69246,78502,14197,1937,584,133676,368531,296023,78502,16718
    CON-BOILERMAKERS, ,22041,0,251,0,0,0,0,0,0,35,49,57,487,229,848,702,768,9026,1145,1299,4603,2208,334,0,0,0,3426,10171,8110,334,0
"    CON-BRICKMASONS, BLOCKMASONS, STONEMASONS, AND", ,185339,0,4284,0,0,262,387,2388,1556,1848,8494,2188,5470,9322,6636,9382,8378,68174,13780,8906,22395,6257,4436,579,103,114,60595,81954,37558,4436,796
    CON-CARPENTERS, ,1545329,0,31184,197,1377,2792,3720,5557,5616,8631,49591,15520,46233,60614,54096,67591,49279,547283,110152,92385,215800,78189,83889,12524,2299,810,401998,657435,386374,83889,15633
"    CON-CARPET, FLOOR, AND TILE INSTALLERS AND FINISHERS", ,186348,0,3828,0,87,405,486,1532,876,1038,9913,3132,6757,10218,10533,10401,8313,67001,11446,9722,17221,6885,5319,866,369,0,67519,78447,33828,5319,1235
"    CON-CEMENT MASONS, CONCRETE FINISHERS, AND TERRAZZO WORKERS", ,73503,0,1350,68,0,79,250,528,0,435,6491,2565,2043,2678,3488,3714,2780,24312,6189,4101,8155,1209,2438,483,147,0,26469,30501,13465,2438,630
    CON-CONSTRUCTION LABORERS, ,2383732,0,62125,128,771,4580,8204,19551,15059,21336,109650,29243,61312,113337,109095,122145,88812,819175,156542,136364,303966,87522,97760,13416,2239,1400,765348,975717,527852,97760,17055
"    CON-PAVING, SURFACING, AND TAMPING EQUIPMENT OPERATORS", ,19028,0,590,0,0,0,0,0,190,155,446,0,376,203,1689,1412,1141,8694,1809,806,825,379,313,0,0,0,6202,10503,2010,313,0
"    CON-CONSTRUCTION EQUIPMENT OPERATORS, EXCEPT PAVING, SURFACING, AND TAMPING EQUIPMENT OPERATORS", ,428143,0,7006,8,24,132,282,1243,631,815,4857,2302,7480,12324,16265,18794,14718,188057,31060,32581,56687,19932,11261,876,431,377,86881,219117,109200,11261,1684
"    CON-DRYWALL INSTALLERS, CEILING TILE INSTALLERS, AND TAPERS", ,190703,0,4808,0,0,553,1377,2119,954,2948,14445,2794,8731,12225,10260,10442,9090,62496,15450,5763,18324,3715,3769,307,133,0,80746,77946,27802,3769,440
    CON-ELECTRICIANS, ,932097,0,5852,286,0,232,175,1121,862,1277,4402,2745,5914,11059,10338,14632,14176,303732,50160,93838,213188,131856,57489,7266,1312,185,73071,353892,438882,57489,8763
    CON-GLAZIERS, ,47146,0,435,0,0,0,0,32,0,0,818,97,543,1648,1008,2159,1442,20691,3610,3571,7359,2179,1364,190,0,0,8182,24301,13109,1364,190
    CON-INSULATION WORKERS, ,50488,0,1434,65,38,0,162,491,66,651,2443,510,1287,2314,1750,2719,997,17300,4462,3364,6213,3250,734,146,92,0,14927,21762,12827,734,238
    CON-PAINTERS AND PAPERHANGERS, ,763674,0,17234,327,0,1238,3048,5041,4806,8430,41396,7250,22853,41313,32770,45283,28187,248895,52309,39679,89669,29290,36019,7257,432,948,259176,301204,158638,36019,8637
"    CON-PIPELAYERS, PLUMBERS, PIPEFITTERS, AND STEAMFITTERS", ,648298,0,6536,47,163,0,1270,2369,2334,3040,9484,4532,7598,19193,16980,21615,16078,253016,51178,48067,113068,42047,25918,2473,951,341,111239,304194,203182,25918,3765
    CON-PLASTERERS AND STUCCO MASONS, ,40976,0,2199,0,0,0,571,691,133,849,2384,953,2301,2457,795,2334,1663,15110,2345,2397,2006,908,820,0,60,0,17330,17455,5311,820,60
    CON-ROOFERS, ,288941,0,9261,106,264,365,1935,4163,3099,5002,17919,3621,11073,16343,18767,22046,13196,89311,22278,11984,24629,6150,6890,318,0,221,127160,111589,42763,6890,539
    CON-SHEET METAL WORKERS, ,155424,0,2274,0,0,0,0,73,39,396,900,1233,2475,4043,2326,6284,4063,59357,13802,14052,27442,10498,5659,453,55,0,24106,73159,51992,5659,508
    CON-STRUCTURAL IRON AND STEEL WORKERS, ,73250,0,1036,0,0,123,0,0,0,57,1222,314,1328,2015,2009,2712,1298,26955,6503,7767,10215,5838,3502,249,0,107,12114,33458,23820,3502,356
"    CON-HELPERS, CONSTRUCTION TRADES", ,65441,0,1298,0,0,0,263,329,84,587,1913,600,1533,2352,3776,4118,1393,24257,5330,3824,10072,2025,1624,63,0,0,18246,29587,15921,1624,63
    CON-CONSTRUCTION AND BUILDING INSPECTORS, ,110612,0,32,0,0,0,0,49,0,0,0,101,66,178,467,838,1033,25147,3126,10463,23909,18126,19651,6358,588,480,2764,28273,52498,19651,7426
    CON-ELEVATOR INSTALLERS AND REPAIRERS, ,26913,0,295,0,0,0,0,0,0,0,158,0,0,0,0,482,358,11451,841,2358,6220,3404,1346,0,0,0,1293,12292,11982,1346,0
    CON-FENCE ERECTORS, ,38975,0,935,0,0,536,218,802,634,153,1375,378,2140,2278,2019,1524,1159,11673,2486,2713,5946,888,839,90,189,0,14151,14159,9547,839,279
    CON-HAZARDOUS MATERIALS REMOVAL WORKERS, ,40733,0,826,0,0,107,0,292,0,95,2085,0,189,1634,748,1717,976,14329,2568,2275,6338,2529,2817,1153,55,0,8669,16897,11142,2817,1208
    CON-HIGHWAY MAINTENANCE WORKERS, ,136353,0,1305,0,0,0,113,24,0,1174,1735,698,955,1578,4185,3994,2241,67414,9687,11028,17432,7282,4650,808,29,21,18002,77101,35742,4650,858
    CON-RAIL-TRACK LAYING AND MAINTENANCE EQUIPMENT OPERATORS, ,18181,0,0,0,0,0,0,0,0,0,491,122,63,183,138,465,265,8056,1934,1841,3107,859,657,0,0,0,1727,9990,5807,657,0
"    CON-MISCELLANEOUS CONSTRUCTION WORKERS, INCLUDING SOLAR PHOTOVOLTAIC INSTALLERS, SEPTIC TANK SERVICERS AND SEWER PIPE CLEANERS", ,94652,0,1288,0,0,0,233,422,320,307,2632,362,2025,2654,1579,3144,3201,33779,6522,6218,17075,5571,6701,619,0,0,18167,40301,28864,6701,619
"    EXT-DERRICK, ROTARY DRILL, AND SERVICE UNIT OPERATORS, AND ROUSTABOUTS, OIL, GAS, AND MINING", ,55713,0,710,0,0,0,0,137,0,440,603,401,1342,1658,3078,2421,1144,22093,3892,3692,8963,1624,2934,581,0,0,11934,25985,14279,2934,581
"    EXT-EARTH DRILLERS, EXCEPT OIL AND GAS", ,32516,0,95,0,0,0,379,486,0,0,0,0,0,1218,855,1151,725,14384,2502,2861,4470,1598,1792,0,0,0,4909,16886,8929,1792,0
"    EXT-EXPLOSIVES WORKERS, ORDNANCE HANDLING EXPERTS, AND BLASTERS", ,20559,0,260,0,0,0,0,0,0,0,0,0,44,104,131,584,195,7100,105,2955,5657,1167,1915,342,0,0,1318,7205,9779,1915,342
    EXT-MINING MACHINE OPERATORS, ,77250,0,921,0,0,0,0,191,0,346,1370,55,1479,2268,2489,1687,2402,36521,3459,5175,12256,3501,2872,173,29,56,13208,39980,20932,2872,258
"    EXT-MISCELLANEOUS EXTRACTION WORKERS, INCLUDING ROOF BOLTERS AND HELPERS", ,94463,0,1700,0,22,32,0,526,233,634,2336,522,678,2915,2838,2981,2155,36276,8063,8137,16957,2682,4302,165,191,118,17572,44339,27776,4302,474
"    RPR-FIRST-LINE SUPERVISORS OF MECHANICS, INSTALLERS, AND REPAIRERS", ,326553,0,3076,0,0,166,41,382,67,60,467,113,1564,2933,3364,5595,4434,91274,19161,36000,67719,45449,35246,8525,407,510,22262,110435,149168,35246,9442
"    RPR-COMPUTER, AUTOMATED TELLER, AND OFFICE MACHINE REPAIRERS", ,249161,0,441,0,0,0,58,0,0,0,172,0,530,588,1259,2791,1455,38992,7511,20995,67902,46398,49477,8160,1771,661,7294,46503,135295,49477,10592
    RPR-RADIO AND TELECOMMUNICATIONS EQUIPMENT INSTALLERS AND REPAIRERS, ,200579,0,788,0,0,122,0,52,0,0,1073,203,735,580,896,1712,1356,51976,6744,22663,50877,33369,24706,2247,480,0,7517,58720,106909,24706,2727
    RPR-AVIONICS TECHNICIANS, ,30054,0,0,0,0,0,0,0,0,0,0,82,0,61,83,45,136,4929,899,3396,9489,7582,3108,244,0,0,407,5828,20467,3108,244
"    RPR-ELECTRIC MOTOR, POWER TOOL, AND RELATED REPAIRERS", ,28704,0,288,0,0,0,0,0,450,0,234,0,157,180,272,1090,519,10013,899,2406,5765,4350,2031,0,0,50,3190,10912,12521,2031,50
"    RPR-ELECTRICAL AND ELECTRONICS REPAIRERS, TRANSPORTATION EQUIPMENT, AND INDUSTRIAL AND UTILITY", ,23928,0,118,0,0,0,0,0,0,0,64,0,0,218,43,0,360,6451,1817,2632,6438,2835,2716,236,0,0,803,8268,11905,2716,236
"    RPR-ELECTRONIC EQUIPMENT INSTALLERS AND REPAIRERS, MOTOR VEHICLES", ,13420,0,0,0,0,0,0,0,0,0,52,219,0,0,78,142,180,3097,753,1855,4455,1536,996,0,0,57,671,3850,7846,996,57
    RPR-ELECTRONIC HOME ENTERTAINMENT EQUIPMENT INSTALLERS AND REPAIRERS, ,49310,0,285,0,0,0,0,0,0,0,226,0,253,275,927,735,835,15669,2073,4984,9708,6593,5833,744,94,76,3536,17742,21285,5833,914
    RPR-SECURITY AND FIRE ALARM SYSTEMS INSTALLERS, ,65964,0,934,0,0,0,0,244,109,157,1349,0,166,449,263,816,722,23371,4269,5990,14242,6184,5735,647,159,158,5209,27640,26416,5735,964
    RPR-AIRCRAFT MECHANICS AND SERVICE TECHNICIANS, ,221944,0,764,0,0,0,0,0,54,120,0,0,395,719,758,366,1196,55617,5376,27115,64870,40979,21297,1950,265,103,4372,60993,132964,21297,2318
    RPR-AUTOMOTIVE BODY AND RELATED REPAIRERS, ,171625,0,3207,0,46,0,69,193,307,606,1807,1617,1475,7708,7859,8849,5112,77028,8675,10915,20255,10751,4612,318,216,0,38855,85703,41921,4612,534
    RPR-AUTOMOTIVE GLASS INSTALLERS AND REPAIRERS, ,21495,0,144,0,0,0,0,0,0,36,0,0,116,0,766,1470,951,10002,2414,2226,2153,742,264,211,0,0,3483,12416,5121,264,211
    RPR-AUTOMOTIVE SERVICE TECHNICIANS AND MECHANICS, ,990024,0,14649,423,84,319,803,1637,2965,3861,14857,6927,16480,24966,28398,37170,33822,371739,66260,69051,154359,104159,29743,5530,1598,224,187361,437999,327569,29743,7352
    RPR-BUS AND TRUCK MECHANICS AND DIESEL ENGINE SPECIALISTS, ,367945,0,2908,0,0,0,315,214,582,595,2767,1884,5101,6573,9808,14502,8499,131912,25640,29554,67565,47378,9638,1379,965,166,53748,157552,144497,9638,2510
    RPR-HEAVY VEHICLE AND MOBILE EQUIPMENT SERVICE TECHNICIANS AND MECHANICS, ,243256,0,2702,0,0,221,196,203,532,97,2500,1294,2776,4188,7506,5146,4727,98923,13966,19948,40068,29625,6518,1876,244,0,32088,112889,89641,6518,2120
    RPR-SMALL ENGINE MECHANICS, ,63264,0,1193,0,0,0,0,222,0,0,561,136,623,1820,1557,3124,1771,23071,4235,4860,10278,7046,1943,824,0,0,11007,27306,22184,1943,824
"    RPR-MISCELLANEOUS VEHICLE AND MOBILE EQUIPMENT MECHANICS, INSTALLERS, AND REPAIRERS", ,98999,0,1438,0,0,0,65,75,369,125,2525,709,2704,3252,3673,6333,2772,34585,7272,8686,14900,5279,3620,447,0,170,24040,41857,28865,3620,617
    RPR-CONTROL AND VALVE INSTALLERS AND REPAIRERS, ,24099,0,215,0,0,0,0,0,0,0,208,0,0,36,134,484,469,8492,2063,2161,5454,2574,1698,111,0,0,1546,10555,10189,1698,111
"    RPR-HEATING, AIR CONDITIONING, AND REFRIGERATION MECHANICS AND INSTALLERS", ,432374,0,4185,0,124,0,0,933,322,740,4535,1658,3536,6473,8161,12399,8679,144366,28254,41040,85973,59112,18037,2940,907,0,51745,172620,186125,18037,3847
    RPR-HOME APPLIANCE REPAIRERS, ,45972,0,409,0,0,0,0,166,0,0,326,0,455,1322,488,1074,1041,15104,3546,4084,9203,5482,2849,255,93,75,5281,18650,18769,2849,423
    RPR-INDUSTRIAL AND REFRACTORY MACHINERY MECHANICS, ,470407,0,4659,11,355,425,848,423,230,1368,4388,1677,3639,6572,8907,10977,9159,165555,32008,45655,92369,55196,23095,2353,483,55,53638,197563,193220,23095,2891
"    RPR-MAINTENANCE AND REPAIR WORKERS, GENERAL", ,607940,0,6700,0,117,469,620,2632,830,1454,7816,1656,6920,10991,12640,17999,15539,205748,38163,52030,117954,64162,36791,5155,1219,335,86383,243911,234146,36791,6709
"    RPR-MAINTENANCE WORKERS, MACHINERY", ,39953,0,57,0,0,0,0,0,0,0,134,155,75,762,806,1995,1047,15162,3498,2715,7399,3534,2235,379,0,0,5031,18660,13648,2235,379
    RPR-MILLWRIGHTS, ,59271,0,60,14,0,0,0,0,0,68,375,581,900,453,1265,1208,1563,22740,4614,5252,13101,5106,1888,83,0,0,6487,27354,23459,1888,83
    RPR-ELECTRICAL POWER-LINE INSTALLERS AND REPAIRERS, ,133693,0,780,0,0,0,0,173,0,308,596,76,581,1768,1501,1295,1147,49658,6215,15211,25930,19321,8228,905,0,0,8225,55873,60462,8228,905
    RPR-TELECOMMUNICATIONS LINE INSTALLERS AND REPAIRERS, ,181065,0,1218,0,0,0,0,282,281,166,587,58,717,2428,1377,2671,2885,62891,7404,19810,41499,22681,12546,1298,183,83,12670,70295,83990,12546,1564
    RPR-PRECISION INSTRUMENT AND EQUIPMENT REPAIRERS, ,77051,0,433,0,0,0,0,0,0,74,49,0,246,438,0,1961,1088,15781,2902,5403,15541,16223,13571,2542,145,654,4289,18683,37167,13571,3341
"    RPR-COIN, VENDING, AND AMUSEMENT MACHINE SERVICERS AND REPAIRERS", ,41140,0,93,0,0,0,0,0,0,0,200,72,386,159,222,904,1347,14885,3408,3629,8122,2864,3431,1288,130,0,3383,18293,14615,3431,1418
    RPR-LOCKSMITHS AND SAFE REPAIRERS, ,29794,0,205,0,0,0,0,0,214,0,109,0,170,572,1176,208,614,10748,2956,2624,6233,1838,1795,255,77,0,3268,13704,10695,1795,332
    RPR-RIGGERS, ,12913,0,261,0,0,0,0,0,0,0,0,0,92,153,203,95,210,4743,1841,704,2137,1667,807,0,0,0,1014,6584,4508,807,0
"    RPR-HELPERS--INSTALLATION, MAINTENANCE, AND REPAIR WORKERS", ,30764,0,851,0,0,0,68,0,219,124,610,223,243,1033,1358,3335,700,10474,2039,1367,4766,2010,1277,67,0,0,8764,12513,8143,1277,67
"    RPR-MISCELLANEOUS INSTALLATION, MAINTENANCE, AND REPAIR", ,365755,0,2748,234,65,0,118,161,432,688,3557,1294,4047,5918,9900,12730,9050,125330,23614,34044,64336,36137,24855,5619,788,90,50942,148944,134517,24855,6497
    PRD-FIRST-LINE SUPERVISORS OF PRODUCTION AND OPERATING WORKERS, ,1019233,0,10145,217,130,461,571,1380,1055,935,6528,2082,8781,15009,14818,19191,23081,327736,58549,96749,176712,87967,128826,30614,3042,4654,104384,386285,361428,128826,38310
"    PRD-AIRCRAFT STRUCTURE, SURFACES, RIGGING, AND SYSTEMS ASSEMBLERS", ,8895,0,47,0,0,0,0,0,0,0,101,0,341,0,250,78,619,3836,72,1319,1347,782,103,0,0,0,1436,3908,3448,103,0
"    PRD-ELECTRICAL, ELECTRONICS, AND ELECTROMECHANICAL ASSEMBLERS", ,168348,0,4508,0,0,0,0,570,760,1361,3883,757,1855,2349,4357,4920,5607,64164,11662,11836,25181,14129,9194,544,297,414,30927,75826,51146,9194,1255
    PRD-ENGINE AND OTHER MACHINE ASSEMBLERS, ,14956,0,484,0,0,0,0,0,0,0,0,0,74,142,289,284,194,7535,273,1304,2857,715,805,0,0,0,1467,7808,4876,805,0
    PRD-STRUCTURAL METAL FABRICATORS AND FITTERS, ,36647,0,54,0,0,187,227,0,0,0,0,201,87,928,774,803,703,16048,2166,4011,5978,2802,1358,263,57,0,3964,18214,12791,1358,320
    PRD-MISCELLANEOUS ASSEMBLERS AND FABRICATORS, ,1338170,0,29219,108,206,910,2051,4212,3943,3360,23063,6435,17554,27525,32016,45012,34582,537192,101150,107198,208457,76170,68394,8166,663,584,230196,638342,391825,68394,9413
    PRD-BAKERS, ,295402,0,6131,0,0,320,291,1992,1502,1190,9695,1787,7477,8652,8140,9938,7133,97977,13460,19328,49567,24752,21362,3582,520,606,64248,111437,93647,21362,4708
"    PRD-BUTCHERS AND OTHER MEAT, POULTRY, AND FISH PROCESSING WORKERS", ,328831,0,14718,36,0,893,1806,3586,1338,3655,11085,3484,8405,13381,11971,17078,13927,114934,18163,22166,43557,11892,10773,1451,128,404,105363,133097,77615,10773,1983
"    PRD-FOOD AND TOBACCO ROASTING, BAKING, AND DRYING MACHINE OPERATORS AND TENDERS", ,11456,0,385,0,0,0,0,96,0,0,417,0,423,111,415,422,359,3671,1394,1154,1296,446,641,133,93,0,2628,5065,2896,641,226
    PRD-FOOD BATCHMAKERS, ,118230,0,2251,0,0,77,199,333,232,515,3957,178,1688,2225,3674,4734,4498,41976,5752,6603,20109,9807,8066,1177,179,0,24561,47728,36519,8066,1356
    PRD-FOOD COOKING MACHINE OPERATORS AND TENDERS, ,12376,0,368,0,0,0,0,0,0,161,336,197,198,294,656,1204,613,3084,1468,800,1492,849,656,0,0,0,4027,4552,3141,656,0
"    PRD-FOOD PROCESSING WORKERS, ALL OTHER", ,159450,0,4792,146,0,88,855,2294,641,1735,7361,1263,4198,6940,4432,8436,4078,59800,8113,9103,21388,7193,5156,923,515,0,47259,67913,37684,5156,1438
    PRD-COMPUTER CONTROL PROGRAMMERS AND OPERATORS, ,106937,0,350,0,0,0,105,0,0,0,134,203,813,461,2284,1859,1444,35083,7976,9554,27274,12644,5933,628,192,0,7653,43059,49472,5933,820
"    PRD-EXTRUDING AND DRAWING MACHINE SETTERS, OPERATORS, AND TENDERS, METAL AND PLASTIC", ,15931,0,144,0,0,0,0,0,0,0,0,89,394,67,485,214,427,6574,2016,914,3223,790,535,59,0,0,1820,8590,4927,535,59
"    PRD-FORGING MACHINE SETTERS, OPERATORS, AND TENDERS, METAL AND PLASTIC", ,9250,0,75,0,0,0,0,0,192,0,0,0,37,9,863,109,575,4302,616,331,1017,298,826,0,0,0,1860,4918,1646,826,0
"    PRD-ROLLING MACHINE SETTERS, OPERATORS, AND TENDERS, METAL AND PLASTIC", ,9732,0,0,0,0,0,0,72,0,0,126,38,168,129,127,458,470,3995,710,446,1820,544,402,227,0,0,1588,4705,2810,402,227
"    PRD-MACHINE TOOL CUTTING SETTERS, OPERATORS, AND TENDERS, METAL AND PLASTIC", ,185020,0,2482,0,53,280,215,1552,488,1213,5158,990,2836,4619,6175,9816,5030,75112,16591,12991,24175,8436,5817,991,0,0,40907,91703,45602,5817,991
    PRD-MACHINISTS, ,411788,0,4146,72,0,0,0,500,299,1313,3799,1040,3798,5007,7089,10246,8360,161115,25011,40412,79006,44291,14882,1285,64,53,45669,186126,163709,14882,1402
"    PRD-METAL FURNACE OPERATORS, TENDERS, POURERS, AND CASTERS", ,26612,0,131,0,0,0,0,0,130,103,0,0,851,843,442,449,520,12049,2314,2262,2689,2170,1551,108,0,0,3469,14363,7121,1551,108
"    PRD-MODEL MAKERS, PATTERNMAKERS, AND MOLDING MACHINE SETTERS, METAL AND PLASTIC", ,59372,0,671,0,0,91,85,0,0,0,263,89,521,1430,1738,1285,2045,22099,5520,5384,10775,4183,3066,127,0,0,8218,27619,20342,3066,127
    PRD-TOOL AND DIE MAKERS, ,69630,0,352,0,0,0,0,0,138,69,364,103,508,755,490,1335,1703,27709,1489,5654,15654,11265,1994,48,0,0,5817,29198,32573,1994,48
"    PRD-WELDING, SOLDERING, AND BRAZING WORKERS", ,763542,0,12039,284,237,281,1397,2121,1809,3396,14461,4676,11316,21485,21563,27075,25856,300896,67085,57090,118473,55233,14161,1756,685,167,147996,367981,230796,14161,2608
"    PRD-MISCELLANEOUS METAL WORKERS AND PLASTIC WORKERS, INCLUDING MULTIPLE MACHINE TOOL SETTERS", ,520702,0,10713,68,0,379,870,3268,2172,3271,7869,3560,8680,12551,11452,13598,18315,207664,37152,48081,80320,30082,17996,2352,224,65,96766,244816,158483,17996,2641
    PRD-PREPRESS TECHNICIANS AND WORKERS, ,31233,0,349,0,0,0,0,0,0,66,158,0,320,749,0,1298,674,9021,1244,2653,6378,3685,4207,327,104,0,3614,10265,12716,4207,431
    PRD-PRINTING PRESS OPERATORS, ,220737,0,1894,0,0,131,482,351,88,1218,954,724,1937,3912,4752,5546,6419,85532,13656,18678,36544,14987,20185,2339,165,243,28408,99188,70209,20185,2747
    PRD-PRINT BINDING AND FINISHING WORKERS, ,27834,0,598,0,0,0,239,0,170,0,232,155,102,473,835,1000,239,11568,1353,2856,3484,2000,1996,482,52,0,4043,12921,8340,1996,534
    PRD-LAUNDRY AND DRY-CLEANING WORKERS, ,253954,0,10644,0,210,669,819,3455,770,1802,9045,1061,7140,11412,11628,14694,9768,84612,17148,13464,30968,9647,11669,2871,318,140,83117,101760,54079,11669,3329
"    PRD-PRESSERS, TEXTILE, GARMENT, AND RELATED MATERIALS", ,60544,0,2303,0,0,776,0,502,878,865,5454,1359,2257,4466,3403,3935,1988,17915,4280,2232,5038,1328,1565,0,0,0,28186,22195,8598,1565,0
    PRD-SEWING MACHINE OPERATORS, ,257507,0,12872,102,372,572,840,3406,2312,3901,18461,4510,9033,14016,9058,7778,11261,83586,13911,14607,22291,12090,10403,1706,354,65,98494,97497,48988,10403,2125
    PRD-SHOE AND LEATHER WORKERS, ,16695,0,299,0,0,0,0,0,87,78,702,218,476,483,229,292,423,5498,1810,1148,2267,550,1479,404,252,0,3287,7308,3965,1479,656
"    PRD-TAILORS, DRESSMAKERS, AND SEWERS", ,97686,0,3120,0,36,254,95,287,739,798,4960,374,2943,4534,1968,3163,3593,25716,4142,6746,15382,5456,10152,2379,518,331,26864,29858,27584,10152,3228
"    PRD-TEXTILE BLEACHING AND DYEING, AND CUTTING MACHINE SETTERS, OPERATORS, AND TENDERS", ,13813,0,0,0,0,0,181,215,0,153,726,97,735,288,496,759,756,5683,1052,753,647,713,559,0,0,0,4406,6735,2113,559,0
"    PRD-TEXTILE KNITTING AND WEAVING MACHINE SETTERS, OPERATORS, AND TENDERS", ,10936,0,303,0,0,0,0,124,67,0,50,413,246,410,518,493,193,4806,723,213,875,125,936,441,0,0,2817,5529,1213,936,441
"    PRD-TEXTILE WINDING, TWISTING, AND DRAWING OUT MACHINE SETTERS, OPERATORS, AND TENDERS", ,16233,0,230,0,0,0,0,227,0,293,742,104,473,1535,548,1845,560,5638,1186,337,2150,232,0,33,0,100,6557,6824,2719,0,133
    PRD-UPHOLSTERERS, ,40803,0,997,0,0,0,0,411,130,749,1808,378,1729,1501,990,1774,1547,14808,3087,3246,3740,2238,1339,256,75,0,12014,17895,9224,1339,331
"    PRD-MISCELLANEOUS TEXTILE, APPAREL, AND FURNISHINGS WORKERS, EXCEPT UPHOLSTERERS", ,23474,0,442,0,0,165,305,169,245,0,1235,67,281,736,559,1449,656,6581,1597,1613,3397,1125,2699,0,0,153,6309,8178,6135,2699,153
    PRD-CABINETMAKERS AND BENCH CARPENTERS, ,60151,0,909,0,0,0,80,131,408,162,2284,334,974,2522,1269,2631,1509,24184,4209,3797,5651,4154,3952,952,39,0,13213,28393,13602,3952,991
    PRD-FURNITURE FINISHERS, ,18330,0,241,0,0,0,103,0,0,179,603,12,2147,608,646,280,609,5362,1379,752,2195,986,1383,691,154,0,5428,6741,3933,1383,845
"    PRD-SAWING MACHINE SETTERS, OPERATORS, AND TENDERS, WOOD", ,44431,0,660,0,0,0,0,0,0,366,416,73,3594,734,3093,2336,1617,17859,3438,3055,4292,1884,1014,0,0,0,12889,21297,9231,1014,0
"    PRD-WOODWORKING MACHINE SETTERS, OPERATORS, AND TENDERS, EXCEPT SAWING", ,20478,0,371,0,0,0,0,0,0,0,500,0,1598,671,1056,1238,368,7586,1515,640,2935,1184,730,86,0,0,5802,9101,4759,730,86
"    PRD-MISCELLANEOUS WOODWORKERS, INCLUDING MODEL MAKERS AND PATTERNMAKERS", ,41244,0,759,0,0,124,373,0,0,109,596,67,1212,1112,1434,1250,1556,12477,1617,2874,6277,3514,4349,1152,322,70,8592,14094,12665,4349,1544
"    PRD-POWER PLANT OPERATORS, DISTRIBUTORS, AND DISPATCHERS", ,55985,0,0,0,0,0,0,0,0,0,0,0,0,86,0,138,307,13540,1880,6449,12883,10337,9118,1167,0,80,531,15420,29669,9118,1247
    PRD-STATIONARY ENGINEERS AND BOILER OPERATORS, ,114832,0,541,0,62,78,0,0,0,0,496,191,598,1130,776,1353,1757,40260,5809,9776,27780,10450,10148,2948,487,192,6982,46069,48006,10148,3627
    PRD-WATER AND WASTEWATER TREATMENT PLANT AND SYSTEM OPERATORS, ,97266,0,859,0,0,0,0,0,0,0,0,144,287,605,326,447,752,29955,6641,9849,22303,12855,10379,1656,21,187,3420,36596,45007,10379,1864
    PRD-MISCELLANEOUS PLANT AND SYSTEM OPERATORS, ,53773,0,223,0,0,0,0,72,0,0,989,0,141,298,631,1183,179,17351,2818,5231,11223,7179,5713,435,107,0,3716,20169,23633,5713,542
"    PRD-CHEMICAL PROCESSING MACHINE SETTERS, OPERATORS, AND TENDERS", ,63465,0,411,0,0,92,38,0,0,1034,208,0,274,852,904,1003,923,18023,2491,3803,12882,5002,12402,2575,199,349,5739,20514,21687,12402,3123
"    PRD-CRUSHING, GRINDING, POLISHING, MIXING, AND BLENDING WORKERS", ,108679,0,2384,0,0,244,0,48,293,390,1923,919,2012,1904,2833,4620,4263,40903,8926,7046,16727,5888,6507,428,355,66,21833,49829,29661,6507,849
    PRD-CUTTING WORKERS, ,91999,0,3046,0,0,152,791,693,584,1357,3709,785,2156,3763,3943,4328,4344,33273,7098,4477,9109,4908,2863,620,0,0,29651,40371,18494,2863,620
"    PRD-EXTRUDING, FORMING, PRESSING, AND COMPACTING MACHINE SETTERS, OPERATORS, AND TENDERS", ,32267,0,726,0,0,0,0,0,108,0,120,54,220,874,1906,1082,895,15286,2348,2696,4079,1095,697,81,0,0,5985,17634,7870,697,81
"    PRD-FURNACE, KILN, OVEN, DRIER, AND KETTLE OPERATORS AND TENDERS", ,16746,0,146,0,0,0,0,0,513,0,302,0,0,1821,1138,393,736,5341,633,1152,3173,741,657,0,0,0,5049,5974,5066,657,0
"    PRD-INSPECTORS, TESTERS, SORTERS, SAMPLERS, AND WEIGHERS", ,999167,0,8952,288,402,725,843,1690,2331,2090,8723,2769,6923,14255,16713,23936,19571,305291,62441,90090,181801,96737,122556,25356,2361,2323,110211,367732,368628,122556,30040
    PRD-JEWELERS AND PRECIOUS STONE AND METAL WORKERS, ,53636,0,1039,151,0,257,0,148,0,199,623,786,343,1235,1183,444,2896,13361,1934,2351,9604,3470,11677,1325,610,0,9304,15295,15425,11677,1935
"    PRD-MEDICAL, DENTAL, AND OPHTHALMIC LABORATORY TECHNICIANS", ,105720,0,837,89,76,0,437,0,0,114,297,103,126,1370,732,1689,2627,25681,4784,9928,22211,17675,14611,1384,723,226,8497,30465,49814,14611,2333
    PRD-PACKAGING AND FILLING MACHINE OPERATORS AND TENDERS, ,353496,0,11997,0,302,297,2797,4169,2463,2780,17080,3390,8308,14891,14649,20011,14164,127451,21963,21060,40871,12882,10295,1091,31,554,117298,149414,74813,10295,1676
    PRD-PAINTING WORKERS, ,184417,0,4495,204,271,0,388,891,326,1250,4510,572,3685,7493,5950,8399,4530,73976,12394,10843,26120,8845,7970,963,342,0,42964,86370,45808,7970,1305
    PRD-PHOTOGRAPHIC PROCESS WORKERS AND PROCESSING MACHINE OPERATORS, ,37701,0,290,0,0,0,0,0,0,0,45,0,0,568,554,1353,125,9355,1602,2271,8787,3609,7776,955,148,263,2935,10957,14667,7776,1366
    PRD-ADHESIVE BONDING MACHINE OPERATORS AND TENDERS, ,10772,0,409,0,0,0,29,0,227,0,0,0,234,267,343,170,381,5614,308,378,1917,159,261,75,0,0,2060,5922,2454,261,75
    PRD-ETCHERS AND ENGRAVERS, ,12727,0,0,0,0,0,0,0,0,0,0,0,0,632,91,286,89,4204,401,1849,2143,1395,1347,171,119,0,1098,4605,5387,1347,290
"    PRD-MOLDERS, SHAPERS, AND CASTERS, EXCEPT METAL AND PLASTIC", ,37690,0,532,0,0,0,0,456,130,685,331,72,1081,1782,522,1821,613,12385,2538,1495,5279,1787,4424,1380,102,275,8025,14923,8561,4424,1757
"    PRD-PAPER GOODS MACHINE SETTERS, OPERATORS, AND TENDERS", ,29726,0,1629,0,0,0,170,0,103,0,534,146,483,390,375,887,616,13030,2738,1639,3850,1929,1161,46,0,0,5333,15768,7418,1161,46
    PRD-TIRE BUILDERS, ,16887,0,30,0,0,0,0,0,0,0,0,0,0,270,95,184,165,7149,1521,1817,4462,718,350,126,0,0,744,8670,6997,350,126
    PRD-HELPERS-PRODUCTION WORKERS, ,71120,0,1526,0,0,0,101,426,461,0,2051,646,2202,4886,3028,4928,2618,21561,3441,4677,8623,3650,5259,930,0,106,22873,25002,16950,5259,1036
"    PRD-MISCELLANEOUS PRODUCTION WORKERS, INCLUDING SEMICONDUCTOR PROCESSORS", ,1620414,0,42481,355,215,1287,3275,7214,5663,8551,29734,10030,25601,39382,48037,53417,48091,635150,114806,113354,247161,90371,80721,12471,1541,1506,323333,749956,450886,80721,15518
    TRN-SUPERVISORS OF TRANSPORTATION AND MATERIAL MOVING WORKERS, ,253759,0,2117,0,0,0,0,72,141,443,895,384,1322,3009,2515,4858,4463,75311,11067,22506,56053,22217,39054,6281,646,405,20219,86378,100776,39054,7332
    TRN-AIRCRAFT PILOTS AND FLIGHT ENGINEERS, ,166495,0,101,0,0,0,0,0,0,0,0,0,17,0,0,197,232,8999,625,2615,17217,14667,93496,24978,2917,434,547,9624,34499,93496,28329
    TRN-AIR TRAFFIC CONTROLLERS AND AIRFIELD OPERATIONS SPECIALISTS, ,51179,0,0,0,0,0,0,0,0,0,265,0,0,0,0,0,117,4900,562,5253,15732,6300,14792,2534,533,191,382,5462,27285,14792,3258
    TRN-FLIGHT ATTENDANTS, ,116255,0,80,0,100,0,0,0,0,0,0,0,188,0,243,169,671,13636,1413,9807,27007,15664,40830,4732,845,870,1451,15049,52478,40830,6447
"    TRN-AMBULANCE DRIVERS AND ATTENDANTS, EXCEPT EMERGENCY MEDICAL TECHNICIANS", ,16914,0,69,0,0,0,0,0,91,0,0,0,50,318,347,200,262,4115,592,1874,5636,1131,1446,783,0,0,1337,4707,8641,1446,783
    TRN-BUS DRIVERS, ,772066,0,6341,261,50,226,869,576,162,762,2645,1668,3314,9984,10236,17761,15274,284242,47966,71809,154559,69811,56415,14548,1627,960,70129,332208,296179,56415,17135
    TRN-DRIVER/SALES WORKERS AND TRUCK DRIVERS, ,4257191,0,51672,601,389,626,4386,8961,5932,8857,49154,20849,59369,91229,121180,158387,130019,1672309,315275,340105,704686,249784,219074,33359,6784,4204,711611,1987584,1294575,219074,44347
    TRN-TAXI DRIVERS AND CHAUFFEURS, ,526187,0,9524,263,240,285,676,1822,1449,1581,3437,2312,6666,6731,9768,11951,18099,158716,26540,36621,99877,38624,67148,19414,2533,1910,74804,185256,175122,67148,23857
"    TRN-MOTOR VEHICLE OPERATORS, ALL OTHER", ,77832,0,306,0,0,0,0,0,93,0,239,57,1824,828,1398,1502,1965,27539,3853,7079,15266,6631,7087,1557,487,121,8212,31392,28976,7087,2165
    TRN-LOCOMOTIVE ENGINEERS AND OPERATORS, ,51244,0,321,0,0,0,0,0,0,0,0,95,105,72,730,223,162,19642,1691,6006,12372,4585,4510,697,33,0,1708,21333,22963,4510,730
    TRN-RAILROAD CONDUCTORS AND YARDMASTERS, ,66109,0,48,0,0,0,0,0,0,0,0,0,0,0,513,289,629,22381,1979,8680,14789,7394,8484,498,425,0,1479,24360,30863,8484,923
"    TRN-SUBWAY, STREETCAR, AND OTHER RAIL TRANSPORTATION WORKERS", ,24587,0,0,0,0,0,0,0,0,0,37,169,29,385,275,337,226,8716,1010,3197,6431,1697,1344,734,0,0,1458,9726,11325,1344,734
"    TRN-SAILORS AND MARINE OILERS, AND SHIP ENGINEERS", ,44705,0,657,0,0,0,0,0,130,64,356,0,309,760,675,574,458,14885,2301,5269,10018,2776,4951,522,0,0,3983,17186,18063,4951,522
    TRN-SHIP AND BOAT CAPTAINS AND OPERATORS, ,60029,0,572,0,0,106,0,0,0,0,0,138,1122,30,1867,1050,797,15494,3378,5163,10163,4345,12058,2891,758,97,5682,18872,19671,12058,3746
    TRN-PARKING LOT ATTENDANTS, ,111633,0,1313,0,0,0,0,93,178,250,604,661,853,1851,3236,5846,4344,36363,3985,10783,22380,6665,10255,1573,274,126,19229,40348,39828,10255,1973
    TRN-AUTOMOTIVE AND WATERCRAFT SERVICE ATTENDANTS, ,127460,0,1919,0,91,0,0,0,0,0,1025,310,1406,3075,5232,8353,4506,48666,8056,11955,21786,5387,4550,790,173,180,25917,56722,39128,4550,1143
    TRN-TRANSPORTATION INSPECTORS, ,54537,0,625,0,0,0,0,0,0,40,152,0,0,1253,570,374,482,14974,3151,5582,11280,7719,6747,1486,0,102,3496,18125,24581,6747,1588
"    TRN-TRANSPORTATION ATTENDANTS, EXCEPT FLIGHT ATTENDANTS", ,44292,0,155,0,0,0,0,540,446,0,207,39,572,298,706,1625,1501,15906,3942,2788,10195,2039,2893,201,56,183,6089,19848,15022,2893,440
"    TRN-MISCELLANEOUS TRANSPORTATION WORKERS, INCLUDING BRIDGE AND LOCK TENDERS AND TRAFFIC TECHNICIANS", ,37920,0,0,71,0,0,0,0,0,0,64,215,0,0,159,231,356,13071,1687,4216,10316,3612,2443,1238,241,0,1096,14758,18144,2443,1479
    TRN-CRANE AND TOWER OPERATORS, ,69870,0,909,0,0,55,245,135,68,199,601,171,1780,1752,2241,2882,1335,29280,5561,4975,11745,3503,2213,166,0,54,12373,34841,20223,2213,220
"    TRN-DREDGE, EXCAVATING, AND LOADING MACHINE OPERATORS", ,43703,0,314,0,0,114,0,0,167,0,395,598,1197,1282,2010,1950,1781,19075,2638,2712,5973,1780,1425,292,0,0,9808,21713,10465,1425,292
"    TRN-CONVEYOR OPERATORS AND TENDERS, AND HOIST AND WINCH OPERATORS", ,17364,0,255,0,0,0,0,0,0,0,105,0,0,277,917,685,430,8991,1379,715,939,1573,812,286,0,0,2669,10370,3227,812,286
    TRN-INDUSTRIAL TRUCK AND TRACTOR OPERATORS, ,706311,0,10754,82,867,712,1116,2210,1185,2344,12919,2032,13596,20718,23417,30482,21509,305919,57628,49582,99763,28611,19181,1333,351,0,143943,363547,177956,19181,1684
    TRN-CLEANERS OF VEHICLES AND EQUIPMENT, ,501530,0,11418,0,186,804,2252,2112,2772,3016,13382,4047,9169,19267,26824,40349,16057,175682,33396,30481,72111,19459,15722,2424,600,0,151655,209078,122051,15722,3024
"    TRN-LABORERS AND FREIGHT, STOCK, AND MATERIAL MOVERS, HAND", ,3074518,0,54774,351,1029,2972,4107,8975,6492,11271,44360,12382,39870,79272,128046,178155,94456,1129125,216370,246091,506197,150498,136954,17278,3020,2473,666512,1345495,902786,136954,22771
    TRN-MACHINE FEEDERS AND OFFBEARERS, ,39267,0,773,0,0,0,99,0,0,301,921,18,1075,423,1555,2747,1539,14628,4224,1952,5460,2203,1045,304,0,0,9451,18852,9615,1045,304
"    TRN-PACKERS AND PACKAGERS, HAND", ,700608,0,25758,265,224,695,3699,6704,5770,6699,34661,8943,17539,36504,28395,43381,27745,236309,35524,40889,88123,25263,23526,2815,596,581,246982,271833,154275,23526,3992
    TRN-PUMPING STATION OPERATORS, ,33745,0,381,0,0,0,25,0,0,0,152,0,350,635,914,661,626,15004,1791,3697,5113,2327,1968,101,0,0,3744,16795,11137,1968,101
    TRN-REFUSE AND RECYCLABLE MATERIAL COLLECTORS, ,135094,0,3108,0,162,94,289,536,1089,434,3627,523,2286,5606,8176,8436,5130,48472,10956,8011,17386,6110,3879,693,91,0,39496,59428,31507,3879,784
"    TRN-MISCELLANEOUS MATERIAL MOVING WORKERS, INCLUDING MINE SHUTTLE CAR OPERATORS, AND TANK CAR, TRUCK, AND SHIP LOADERS", ,74610,0,613,77,0,0,0,202,157,0,623,146,2141,1160,2237,3268,3611,29064,5412,6494,11892,4080,2711,661,0,61,14235,34476,22466,2711,722
    MIL-MILITARY OFFICER SPECIAL AND TACTICAL OPERATIONS LEADERS, ,49094,0,0,0,0,0,0,0,0,0,0,0,0,0,0,0,0,5161,466,2641,8802,2466,18041,10977,157,383,0,5627,13909,18041,11517
    MIL-FIRST-LINE ENLISTED MILITARY SUPERVISORS, ,111018,0,0,0,0,0,0,0,0,0,0,0,0,0,184,417,167,13886,1117,9142,27870,20681,22653,13993,560,348,768,15003,57693,22653,14901
    MIL-MILITARY ENLISTED TACTICAL OPERATIONS AND AIR/WEAPONS SPECIALISTS AND CREW MEMBERS, ,171519,0,0,0,0,0,0,0,0,0,0,0,74,0,170,1875,242,68459,1649,22795,44138,10123,17731,3870,320,73,2361,70108,77056,17731,4263
"    MIL-MILITARY, RANK NOT SPECIFIED **", ,274977,0,751,0,0,33,0,0,0,130,65,0,43,23,427,985,976,68166,4930,37937,63312,29702,48165,17426,1449,457,3433,73096,130951,48165,19332
    UNEMPLOYED AND LAST WORKED 5 YEARS AGO OR EARLIER OR NEVER WORKED **, ,2133874,0,26776,486,416,1202,2690,5439,2666,3494,26276,7372,32231,99204,204061,244265,65696,592944,98978,129255,282770,84824,165522,43747,8088,5472,722274,691922,496849,165522,57307
Universe: All,,,,,,,,,,,,,,,,,,,,,,,,,,,,,,,,
Weight used: PWGTP,,,,,,,,,,,,,,,,,,,,,,,,,,,,,,,,
DataSet(s) selected: 2015,,,,,,,,,,,,,,,,,,,,,,,,,,,,,,,,
Source: ACS Public Use Microdata Sample,,,,,,,,,,,,,,,,,,,,,,,,,,,,,,,,
